"year","model","race_group","bio_tons","var_bio_tons","model_area","bio_tons_km2","var_bio_tons_km2","sd_bio_tons","cv_bio"
1990,"EGOA","Arrowtooth flounder adult",247467.823098848,86894218951.7355,85237.199,2.90328431720109,11.9600375802889,294778.253865063,1.19117811024392
1990,"EGOA","Big skate",10505.676804736,860374533.219264,85237.199,0.123252252865982,0.118421131745732,29332.1416405155,2.79202779465788
1990,"EGOA","Chinook (king) salmon",407.677128882575,2936847.79438323,85237.199,0.00478285459477117,0.000404224934778707,1713.72337160442,4.20362892640473
1990,"EGOA","Chum (dog) salmon",1021.51833252651,5758207.55150456,85237.199,0.0119844192971018,0.000792554206043904,2399.62654417402,2.34907829626421
1990,"EGOA","Coho (silver) salmon",3.37718208565698,821.185836457132,85237.199,3.96209885505151e-05,1.13027236827843e-07,28.6563402488373,8.48528137423857
1990,"EGOA","Deep-water flatfish",32800.5042307984,1280218671.57709,85237.199,0.384814430971604,0.176208079291835,35780.1435376815,1.09084126530242
1990,"EGOA","Demersal shelf rockfish",2162.65829998721,9965884.61565102,85237.199,0.0253722356595412,0.00137169487178673,3156.87893585595,1.45972155466013
1990,"EGOA","Flathead sole adult",25641.2616209366,3318398195.65964,85237.199,0.300822433418262,0.456741168805448,57605.5396264946,2.24659536952965
1990,"EGOA","Gelatinous carnivores",37142.0875596935,1134048399.16809,85237.199,0.435749743016467,0.156089342139671,33675.6350967297,0.906670499944501
1990,"EGOA","Infauna",14.7309745576001,1282.1013199815,85237.199,0.000172823306378241,1.7646720522609e-07,35.8064424368227,2.43069067133439
1990,"EGOA","King crab",8.36269437790816,663.477071644946,85237.199,9.81108538996942e-05,9.13203525650092e-08,25.7580486769659,3.08011359891512
1990,"EGOA","Large sculpins",210.904761744912,906963.248497922,85237.199,0.00247432769048302,0.000124833558168019,952.346181017135,4.51552716561703
1990,"EGOA","Lingcod",11655.0882017375,159404093.190088,85237.199,0.13673710936627,0.0219402276469538,12625.5333823996,1.08326364964938
1990,"EGOA","Longnose skate",2682.13407946421,26962110.9310464,85237.199,0.0314667083260703,0.00371103928281287,5192.50526538456,1.93596036273542
1990,"EGOA","MISC_NA",730.859795055027,28594489.6288739,85237.199,0.00857442294713399,0.00393571833289011,5347.38156754068,7.31656277130154
1990,"EGOA","MISC_SHELLS",9366.03802369831,1359750181.0854,85237.199,0.109882048373015,0.187154720553032,36874.7905903939,3.9370746197156
1990,"EGOA","Miscellaneous deep-sea fish",4.1895556937278,99.8179127535371,85237.199,4.91517288564093e-05,1.37388424928637e-08,9.99089148942862,2.38471385029826
1990,"EGOA","Motile epifauna",5940.49224930284,28725213.1403208,85237.199,0.0696936586255355,0.00395371099256752,5359.59076239229,0.902213240497247
1990,"EGOA","Octopus",52.7453618580072,9952.40978314486,85237.199,0.000618806841107099,1.36984020866753e-06,99.7617651364733,1.89138459993954
1990,"EGOA","Other skates",873.079880861381,2437890.3952436,85237.199,0.0102429442908064,0.000335548913327984,1561.37452113309,1.78835242382706
1990,"EGOA","Pacific capelin",15.5972516831933,7623.02847830982,85237.199,0.000182986440969198,1.04922638325155e-06,87.3099563526968,5.5977782577412
1990,"EGOA","Pacific cod adult",30249.7147374436,685485324.718819,85237.199,0.354888652986398,0.0943495475680304,26181.7746671004,0.865521374146783
1990,"EGOA","Pacific dogfish",3101.2441173986,13914802.7617533,85237.199,0.036383693431768,0.0019152202063674,3730.2550531771,1.20282535394412
1990,"EGOA","Pacific halibut adult",32512.8696328804,1351877127.1187,85237.199,0.38143991138048,0.186071080899562,36767.8817328208,1.13087162554355
1990,"EGOA","Pacific herring adult",4097.70809596252,656513195.011858,85237.199,0.0480741758766911,0.0903618512142751,25622.5134405635,6.25288889313747
1990,"EGOA","Pacific ocean perch adult",144760.949666067,79521441096.7474,85237.199,1.69833067445197,10.9452554546131,281995.462900997,1.94800782636133
1990,"EGOA","Pacific sandlance",1.40429224238693,70.0229978438031,85237.199,1.64751101498177e-05,9.63789876702319e-09,8.36797453651737,5.95885548886461
1990,"EGOA","Pacific sleeper shark",159.143677604264,987741.694734986,85237.199,0.00186706836300738,0.000135951826613579,993.851948096388,6.2449979983984
1990,"EGOA","Pandalid shrimp",2577.43588835419,13044422.9071228,85237.199,0.0302383926101817,0.00179542195170688,3611.70637055711,1.40127883951494
1990,"EGOA","Pelagic shelf rockfish",10162.6736906931,2431445030.64304,85237.199,0.119228151674635,0.334661779479827,49309.6849578563,4.85203859325071
1990,"EGOA","Pink (humpback) salmon",115.779143175313,646329.655980073,85237.199,0.00135831707908789,8.8960198595841e-05,803.946301676967,6.943792116855
1990,"EGOA","Rex sole adult",19272.5250201088,894352539.029167,85237.199,0.226104626222042,0.123097832121109,29905.7275288391,1.55172856165114
1990,"EGOA","Sablefish adult",33623.4562157473,1155028840.95148,85237.199,0.394469276445221,0.158977070175062,33985.7152484906,1.01077399748612
1990,"EGOA","Salmon shark",4323.45948048902,448076524.996127,85237.199,0.0507226836546919,0.0616728263680642,21167.818144441,4.89603712951805
1990,"EGOA","Sessile epifauna",12681.4172876958,1856170902.95966,85237.199,0.148777968263549,0.25548159615966,43083.3019040981,3.39735700881791
1990,"EGOA","Shallow-water flatfish",11019.4067839604,1253733256.31678,85237.199,0.129279315993952,0.172562651947367,35408.0959148721,3.21324882628086
1990,"EGOA","Shelf demersal fish",5401.64551432659,106886273.106245,85237.199,0.0633719265496581,0.0147117248833062,10338.581774414,1.91396894649849
1990,"EGOA","Shelf forage fish",11244.3818385416,150281141.200514,85237.199,0.131918715894707,0.0206845532194171,12258.9208823825,1.09022630664884
1990,"EGOA","Slope demersal fish",4008.82928049173,83546646.2399905,85237.199,0.0470314525526787,0.0114992808588612,9140.38545357856,2.28006353327607
1990,"EGOA","Slope forage fish",52.0289389798356,12507.1136862207,85237.199,0.000610401791591435,1.72146722201659e-06,111.83520772199,2.14948084498385
1990,"EGOA","Slope rockfish",151630.439574713,46770830721.6615,85237.199,1.77892330289635,6.43749261850325,216265.648501239,1.42626803106165
1990,"EGOA","Sockeye (red) salmon",49.3660603201942,152820.555396591,85237.199,0.000579160987213977,2.10340757720494e-05,390.922697469195,7.91885548357764
1990,"EGOA","Squid",1845.24731629885,6722307.54305199,85237.199,0.0216483804952208,0.000925252011135726,2592.74131819046,1.40509149927442
1990,"EGOA","Tanner crab",30.0539925306931,7172.69886744302,85237.199,0.000352592446529046,9.87243444289004e-07,84.691787485228,2.81798790622361
1990,"EGOA","Thornyheads",17126.5197307973,126410584.677564,85237.199,0.200927763133058,0.0173990325424263,11243.2461805995,0.656481664536991
1990,"EGOA","Walleye pollock adult",75817.9077951448,5469189331.11173,85237.199,0.889493187066656,0.75277401331087,73953.967649557,0.975415568698836
1993,"EGOA","Arrowtooth flounder adult",302031.207777614,73533953333.9574,85237.199,3.543420141922,10.121143338544,271171.446383939,0.897825917987928
1993,"EGOA","Big skate",12708.4057832063,1673534953.94498,85237.199,0.149094596400409,0.230343757991845,40908.8615576745,3.21903960697682
1993,"EGOA","Chinook (king) salmon",392.220289675237,3435008.00320225,85237.199,0.00460151546832548,0.000472791231712561,1853.37745837221,4.72534824729958
1993,"EGOA","Coho (silver) salmon",62.117855693035,134463.147080671,85237.199,0.000728764628845148,1.85073795662056e-05,366.692169374629,5.90316850579477
1993,"EGOA","Deep-water flatfish",60479.8787146879,8362356298.3381,85237.199,0.709547937100654,1.1509867606203,91445.9200748623,1.51200567888464
1993,"EGOA","Demersal shelf rockfish",1835.06776547141,8882804.66031024,85237.199,0.0215289543415359,0.00122262077773764,2980.40343918575,1.62413808103709
1993,"EGOA","Flathead sole adult",26340.9661117702,3642135119.56016,85237.199,0.309031343366529,0.501300010839898,60350.1045530176,2.29111203806799
1993,"EGOA","Gelatinous carnivores",10562.5459860892,973101348.459133,85237.199,0.123919440221038,0.133936743288589,31194.5724198799,2.95331944220294
1993,"EGOA","Infauna",171.973963030094,440341.501770122,85237.199,0.00201759284734467,6.06081851343499e-05,663.582324787303,3.85862088129691
1993,"EGOA","King crab",2.46640020886719,72.9975598836012,85237.199,2.89357256902258e-05,1.00473146546399e-08,8.54386094711291,3.46410161513775
1993,"EGOA","Large sculpins",372.049233773244,2355760.24680388,85237.199,0.00436486930751025,0.000324244597877962,1534.84860712837,4.12539112515368
1993,"EGOA","Lingcod",15496.8912992796,255046149.784615,85237.199,0.181809016263893,0.0351043092731667,15970.1643631058,1.03053987117069
1993,"EGOA","Longnose skate",5117.48532387798,58688062.2300738,85237.199,0.0600381685920718,0.00807776901908614,7660.81341830447,1.49698786287856
1993,"EGOA","MISC_NA",135.049270326732,965030.626366909,85237.199,0.00158439357359376,0.000132825896782486,982.359723506063,7.27408390381809
1993,"EGOA","MISC_SHELLS",314.448057189658,705214.880751911,85237.199,0.00368909420861727,9.70651048794928e-05,839.770731064087,2.67061828452507
1993,"EGOA","Miscellaneous deep-sea fish",55.8286462290614,210002.744830651,85237.199,0.000654979831388657,2.89045778929606e-05,458.260564341567,8.20834097358106
1993,"EGOA","Motile epifauna",6352.7442715707,35251722.4366454,85237.199,0.0745301857182179,0.0048520135194077,5937.31609708001,0.934606501264379
1993,"EGOA","Octopus",70.8564705057847,12876.5353262291,85237.199,0.00083128576885527,1.77231406488799e-06,113.474822433124,1.60147438368187
1993,"EGOA","Other skates",2087.3071486711,12556929.9699049,85237.199,0.0244882184440517,0.00172832388788183,3543.57587331002,1.69767821451963
1993,"EGOA","Pacific capelin",35.1973360210456,34298.9152106223,85237.199,0.000412933982275105,4.72087003981285e-06,185.199663095326,5.26175228104166
1993,"EGOA","Pacific cod adult",22514.2094641234,1105897999.09345,85237.199,0.264135960921515,0.152214747870288,33255.0447164555,1.47706917133589
1993,"EGOA","Pacific dogfish",18966.7799031042,1425597314.07072,85237.199,0.222517634619882,0.196217857256017,37757.0829655936,1.99069547695938
1993,"EGOA","Pacific hake",2410.26166134581,15985213.38389,85237.199,0.0282771101071236,0.00220018955353581,3998.15124574972,1.65880381780511
1993,"EGOA","Pacific halibut adult",52701.7431749434,3086767409.33021,85237.199,0.6182951081598,0.424859727868732,55558.6843736442,1.05420961483603
1993,"EGOA","Pacific herring adult",12756.5386118917,8944747681.77765,85237.199,0.149659289154864,1.2311465562477,94576.6762039016,7.41397639918849
1993,"EGOA","Pacific ocean perch adult",241449.362623891,250162448941.116,85237.199,2.83267593793047,34.4321213379535,500162.422560028,2.07150028115476
1993,"EGOA","Pacific sleeper shark",1013.74055910057,6420940.64280107,85237.199,0.0118931707164681,0.000883772157861964,2533.95750611589,2.49961144729587
1993,"EGOA","Pandalid shrimp",3987.01425409991,20007749.8650567,85237.199,0.0467755193844405,0.00275384764567608,4473.00233233303,1.12189273658437
1993,"EGOA","Pelagic shelf rockfish",9426.1485416477,715225885.181018,85237.199,0.110587262981831,0.0984430099994532,26743.7073940959,2.83718289351517
1993,"EGOA","Pink (humpback) salmon",61.9633968601779,192780.93580241,85237.199,0.000726952522925793,2.65341844920748e-05,439.068258705193,7.08592945115586
1993,"EGOA","Rex sole adult",33091.987634721,3083119593.34371,85237.199,0.388234104627499,0.424357645948774,55525.846174045,1.67792417871527
1993,"EGOA","Sablefish adult",50172.4158837661,2154743162.98171,85237.199,0.588621124020817,0.296576797812591,46419.2111413121,0.925193860484036
1993,"EGOA","Salmon shark",2297.69817858745,207988860.595626,85237.199,0.0269565190497104,0.0286273887839056,14421.8189073232,6.27663765490264
1993,"EGOA","Sessile epifauna",3723.84814934148,31171871.3043821,85237.199,0.0436880633459282,0.00429046669324937,5583.17752757174,1.49930322173826
1993,"EGOA","Shallow-water flatfish",15347.1442299989,2329840847.75045,85237.199,0.180052188599005,0.320677076465407,48268.4249561807,3.145107925801
1993,"EGOA","Shelf demersal fish",4999.0750957399,32275784.5957775,85237.199,0.0586489837112069,0.00444240826784138,5681.17809928341,1.13644584057655
1993,"EGOA","Shelf forage fish",8445.1377455739,72597382.5329211,85237.199,0.0990780767628685,0.00999223462502858,8520.40976320512,1.00891305978646
1993,"EGOA","Slope demersal fish",2732.3934731314,12428008.8798786,85237.199,0.03205634987057,0.001710579311773,3525.33812277327,1.29020148724522
1993,"EGOA","Slope forage fish",503.031628790014,613959.982793336,85237.199,0.00590155043445308,8.45048675917142e-05,783.555985742778,1.55766743261757
1993,"EGOA","Slope rockfish",136843.897407325,33494656116.5596,85237.199,1.60544807915761,4.61017258369529,183015.453217917,1.33740310445236
1993,"EGOA","Sockeye (red) salmon",17.922164601016,7680.47658482276,85237.199,0.000210262242439665,1.05713348594607e-06,87.6383282863312,4.88994104436264
1993,"EGOA","Squid",2802.04152754491,11289394.5409139,85237.199,0.0328734585417913,0.00155386151802613,3359.96942559213,1.19911478561706
1993,"EGOA","Tanner crab",25.4542130279042,4231.56175498021,85237.199,0.000298627985510225,5.82428131852905e-07,65.0504554555939,2.55558698217393
1993,"EGOA","Thornyheads",19640.9285158701,96267307.461704,85237.199,0.230426723851755,0.0132501405603832,9811.59046544973,0.499548198931728
1993,"EGOA","Walleye pollock adult",38384.356596502,2619710890.02461,85237.199,0.450324002276306,0.360574513151322,51183.1113749898,1.33343674124928
1996,"EGOA","Arrowtooth flounder adult",264318.711061803,53280529583.372,85237.199,3.10097837754855,7.33348137312531,230825.755892561,0.873285719975341
1996,"EGOA","Big skate",4494.91383370573,150219186.739367,85237.199,0.0527341804568887,0.0206760258663604,12256.3937085656,2.726724952247
1996,"EGOA","Chinook (king) salmon",845.637583585309,7742762.43668555,85237.199,0.0099209921666397,0.0010657064513054,2782.58197303971,3.29051360423481
1996,"EGOA","Chum (dog) salmon",438.830567746002,2659420.17098003,85237.199,0.00514834570931879,0.000366040060782021,1630.77287535083,3.71617885173108
1996,"EGOA","Coho (silver) salmon",168.161083132669,598346.907860435,85237.199,0.00197286026647437,8.2355898820327e-05,773.528866856587,4.59992795268998
1996,"EGOA","Deep-water flatfish",43214.952563943,1698563114.84848,85237.199,0.506996394425667,0.23378861023383,41213.627780729,0.953689066758717
1996,"EGOA","Demersal shelf rockfish",4647.36686476417,129332226.771702,85237.199,0.0545227543758702,0.0178011645790978,11372.4327552069,2.4470701552381
1996,"EGOA","Flathead sole adult",15864.774374089,474661755.687898,85237.199,0.186125008332207,0.0653319922135026,21786.733479067,1.37327723454107
1996,"EGOA","Gelatinous carnivores",5974.93744101517,379454232.037434,85237.199,0.0700977684756531,0.0522277192880705,19479.5850068074,3.26021572595707
1996,"EGOA","Infauna",1184.46467824191,22309296.635318,85237.199,0.0138961004366405,0.00307063035224954,4723.27181467656,3.98768481782611
1996,"EGOA","Large sculpins",281.012596171663,517838.084130946,85237.199,0.00329683048561536,7.12747409600513e-05,719.609674845292,2.56077373273938
1996,"EGOA","Lingcod",12179.638560892,258815676.525502,85237.199,0.142891116833766,0.0356231433454996,16087.7492684807,1.32087246990542
1996,"EGOA","Longnose skate",6323.86089309131,82246858.255912,85237.199,0.0741913268770283,0.0113203792780251,9069.00536199599,1.43409311420871
1996,"EGOA","MISC_NA",2804.52052207502,644105221.774705,85237.199,0.0329025420236418,0.0886540295892945,25379.2281556139,9.04940005104197
1996,"EGOA","MISC_SHELLS",4.35745917210053,208.635827190137,85237.199,5.11215669123587e-05,2.87164366501146e-08,14.4442316233899,3.31482890668761
1996,"EGOA","Miscellaneous deep-sea fish",3.87321749742398,698.292047975112,85237.199,4.54404595982087e-05,9.61122527660678e-08,26.4252161386641,6.82254899350194
1996,"EGOA","Motile epifauna",6139.72893126532,31245642.7773233,85237.199,0.0720310967898572,0.00430062052856055,5589.78020831976,0.91042784964902
1996,"EGOA","Octopus",18.5995760404383,4857.28816157232,85237.199,0.000218209611045974,6.68552518815604e-07,69.6942476935674,3.74708797351302
1996,"EGOA","Other gelatinous zooplankton",336.126424976572,2086055.5378832,85237.199,0.00394342410262181,0.000287122698479063,1444.3183644485,4.29694976986464
1996,"EGOA","Other skates",1752.63252062466,18577899.7491172,85237.199,0.0205618267750054,0.00255704443681917,4310.20878254374,2.45927696298111
1996,"EGOA","Pacific capelin",746.527002201158,21052686.4856283,85237.199,0.00875823010328106,0.00289767172743689,4588.32066072417,6.14622196812087
1996,"EGOA","Pacific cod adult",13157.9301942206,299104830.809507,85237.199,0.154368401925322,0.0411685041891526,17294.647461267,1.31438966509059
1996,"EGOA","Pacific dogfish",30114.2274081026,54186725017.4002,85237.199,0.353299120118936,7.45820925004061,232780.42232413,7.72991513843377
1996,"EGOA","Pacific hake",755.972800412514,2783812.44339604,85237.199,0.00886904789553813,0.000383161294746036,1668.47608415465,2.20705835348072
1996,"EGOA","Pacific halibut adult",61206.5443702861,4736667949.62198,85237.199,0.718073154542375,0.651950467663389,68823.4549381385,1.12444601547462
1996,"EGOA","Pacific herring adult",1367.15549177446,14947027.7678853,85237.199,0.0160394230196895,0.00205729467361718,3866.13861208898,2.82787044732641
1996,"EGOA","Pacific ocean perch adult",262781.697022015,167559871580.549,85237.199,3.08294617966053,23.0627812209793,409340.776835816,1.55772179521895
1996,"EGOA","Pacific sleeper shark",2346.17985771623,225598652.887359,85237.199,0.0275253045060318,0.0310511838318501,15019.9418403454,6.40187144687443
1996,"EGOA","Pandalid shrimp",3581.88944187213,36565197.822624,85237.199,0.042022608484262,0.00503279902121206,6046.91638958436,1.68819180148225
1996,"EGOA","Pelagic shelf rockfish",26840.3747509024,7133191983.70485,85237.199,0.314890389006124,0.981805754418622,84458.2262642595,3.14668580629337
1996,"EGOA","Pink (humpback) salmon",76.4925456895239,145780.52823413,85237.199,0.000897408016534235,2.00650931349414e-05,381.812163549212,4.99149505494237
1996,"EGOA","Rex sole adult",23123.0789526262,672790702.149082,85237.199,0.271279197626218,0.0926022718017798,25938.2093088378,1.12174548043447
1996,"EGOA","Sablefish adult",35761.8021833598,829262023.291933,85237.199,0.419556280625315,0.114138835495912,28796.9099608262,0.805242135538282
1996,"EGOA","Salmon shark",2777.20415848987,632454760.910541,85237.199,0.0325820673493725,0.087050471246242,25148.6532623626,9.05538513813742
1996,"EGOA","Sessile epifauna",5144.24154284845,50110451.9906361,85237.199,0.0603520716682449,0.00689715491091713,7078.87363855551,1.37607722724385
1996,"EGOA","Shallow-water flatfish",10407.4582504055,267846234.129932,85237.199,0.122099956034519,0.036866100697817,16366.008497185,1.57252694206554
1996,"EGOA","Shelf demersal fish",13404.0372826209,295036607.247101,85237.199,0.157255722148037,0.0406085577706409,17176.6296824232,1.28145194766756
1996,"EGOA","Shelf forage fish",4772.34297019499,35952319.1654897,85237.199,0.0559889699120098,0.00494844298625472,5996.02528059127,1.25641122568906
1996,"EGOA","Slope demersal fish",1738.36696856114,5250678.30136065,85237.199,0.0203944637899368,0.000722698363180657,2291.43586018912,1.31815428021263
1996,"EGOA","Slope forage fish",132.747855549721,53834.1494596244,85237.199,0.00155739345153424,7.4096810858916e-06,232.021872804321,1.74783895260301
1996,"EGOA","Slope rockfish",219600.454028127,116174806268.912,85237.199,2.57634526479603,15.9901897458877,340844.255150225,1.55211088546551
1996,"EGOA","Squid",756.24984669707,569388.281410685,85237.199,0.00887229819338702,7.837006104204e-05,754.578214243351,0.997789576472617
1996,"EGOA","Tanner crab",6.64090896373474,237.215075012901,85237.199,7.79109243575066e-05,3.26500571153208e-08,15.4017880459673,2.3192289082827
1996,"EGOA","Thornyheads",27970.6681274096,325748091.343486,85237.199,0.328150953522177,0.0448356572068327,18048.4927720706,0.645264985800757
1996,"EGOA","Walleye pollock adult",66791.6807106307,12964197190.5138,85237.199,0.783597789395106,1.78437976044118,113860.428554058,1.70470973843807
1999,"EGOA","Arrowtooth flounder adult",279235.84653585,142969701492.524,85237.199,3.27598571764248,19.6782136179052,378113.344769164,1.35410030431254
1999,"EGOA","Big skate",9226.76502660755,657532548.381947,85237.199,0.108248102176698,0.0905021540417926,25642.3974772631,2.77913194963968
1999,"EGOA","Chinook (king) salmon",288.765725840812,2374796.53864353,85237.199,0.00338778994650929,0.00032686473496577,1541.03748774763,5.33663572177939
1999,"EGOA","Chum (dog) salmon",667.808762102245,8156658.39048938,85237.199,0.00783471031353629,0.00112267469639168,2855.98641286848,4.27665310032457
1999,"EGOA","Coho (silver) salmon",140.30692038942,1073194.72259887,85237.199,0.00164607615026651,0.000147713500024432,1035.95111979227,7.38346417209502
1999,"EGOA","Deep-water flatfish",38657.7122488613,914412307.940818,85237.199,0.453531001750319,0.125858839618841,30239.2511140871,0.782230746595147
1999,"EGOA","Demersal shelf rockfish",5352.57875196383,98164588.412351,85237.199,0.0627962769161834,0.0135112805043731,9907.8044193631,1.85103384340267
1999,"EGOA","Flathead sole adult",17879.9969642512,6589346574.92661,85237.199,0.209767533119562,0.906951390050974,81174.7902672166,4.53997785511459
1999,"EGOA","Gelatinous carnivores",6803.78060337322,39201269.5077562,85237.199,0.0798217290478212,0.00539562541862785,6261.09171852291,0.920237156885799
1999,"EGOA","Infauna",228.112010494558,592882.337855745,85237.199,0.00267620256379562,8.16037606067075e-05,769.988530989745,3.37548439172656
1999,"EGOA","King crab",44.568416685836,13295.43093873,85237.199,0.00052287519074666,1.82997045823807e-06,115.305814852201,2.58716426174604
1999,"EGOA","Large sculpins",84.1523961699725,127469.264060664,85237.199,0.000987273129070941,1.75447481649395e-05,357.028379909306,4.24264068711929
1999,"EGOA","Lingcod",15663.020460191,583291552.958951,85237.199,0.183758038086059,0.0802836941031598,24151.4296255719,1.54193948012485
1999,"EGOA","Longnose skate",7888.1933482305,147028978.636861,85237.199,0.0925440235105626,0.0202369286599501,12125.5506529337,1.53717716055397
1999,"EGOA","MISC_NA",240.680565286409,1351271.80671697,85237.199,0.00282365643299012,0.000185987765175684,1162.44217349379,4.82981320951481
1999,"EGOA","MISC_SHELLS",2.1285276129793,114.257644288363,85237.199,2.49718155682157e-05,1.57263133958673e-08,10.689136741962,5.02184546574918
1999,"EGOA","Miscellaneous deep-sea fish",32.3931729882954,7035.47752993452,85237.199,0.0003800356343044,9.68356430017885e-07,83.877753486455,2.58936515779922
1999,"EGOA","Motile epifauna",6462.98667923749,51089638.7156882,85237.199,0.0758235459994115,0.00703192923964719,7147.70163868696,1.10594404621769
1999,"EGOA","Mysids",0.031623031742677,0.0240003872783606,85237.199,3.71000362678237e-07,3.30339045857719e-12,0.154920583778788,4.89897948556636
1999,"EGOA","Octopus",103.524703067033,49410.998949875,85237.199,0.00121454839297375,6.80088286020917e-06,222.285849639321,2.14717688680922
1999,"EGOA","Other gelatinous zooplankton",783.63437391581,5887017.78843105,85237.199,0.0091935725611515,0.000810283524437599,2426.31774267738,3.09623699960111
1999,"EGOA","Other skates",1749.70497443641,25510488.1926658,85237.199,0.0205274808999345,0.00351123931092893,5050.79084824008,2.88665284835631
1999,"EGOA","Pacific capelin",109.557328058305,375406.500535354,85237.199,0.00128532294988137,5.16705933772353e-05,612.70425209505,5.59254467915624
1999,"EGOA","Pacific cod adult",22402.0503023416,1977439721.07796,85237.199,0.262820113344429,0.272172920847412,44468.4126215222,1.98501530089297
1999,"EGOA","Pacific dogfish",15616.8640675272,1600953547.03117,85237.199,0.183216532813651,0.220353722235825,40011.917562536,2.56209680698536
1999,"EGOA","Pacific hake",6287.18023504479,126104855.984913,85237.199,0.0737609906098016,0.0173569523361987,11229.6418457987,1.78611737312772
1999,"EGOA","Pacific halibut adult",56856.7441743972,4465437621.92678,85237.199,0.667041442485659,0.614618583548631,66823.9300095915,1.17530349266258
1999,"EGOA","Pacific herring adult",32931.9423724447,41407860607.8074,85237.199,0.386356458902934,5.69933851714366,203489.214966807,6.17908329443312
1999,"EGOA","Pacific ocean perch adult",80653.2936196627,6856254347.22225,85237.199,0.946221773660849,0.94368832175526,82802.502058949,1.02664749748995
1999,"EGOA","Pacific sandlance",1.57317708660411,132.86677831177,85237.199,1.84564615574018e-05,1.82876568884673e-08,11.5267852548649,7.32707420735883
1999,"EGOA","Pacific sleeper shark",1852.6570177097,66469265.9715652,85237.199,0.021735310867145,0.00914876649499202,8152.86857318117,4.40063567905297
1999,"EGOA","Pandalid shrimp",2655.25028006106,98639233.0684218,85237.199,0.03115130848048,0.0135766101430116,9931.72860424719,3.74041147037138
1999,"EGOA","Pelagic shelf rockfish",17762.1464625514,6946520022.33268,85237.199,0.208384914930762,0.956112403351879,83345.7858702687,4.69232623692129
1999,"EGOA","Pink (humpback) salmon",68.0095488234482,91277.014397833,85237.199,0.000797885777821585,1.2563281373425e-05,302.120860580386,4.44233002287204
1999,"EGOA","Rex sole adult",19204.0709704743,197164512.947383,85237.199,0.225301525575404,0.0271375358775,14041.5281557024,0.731174560711157
1999,"EGOA","Sablefish adult",55511.0452302504,976074822.169793,85237.199,0.651253746973201,0.134346009379619,31242.1961803231,0.562810447015288
1999,"EGOA","Sessile epifauna",15326.1932538019,642630217.94824,85237.199,0.17980639243908,0.0884510114667035,25350.1522273189,1.65404101380689
1999,"EGOA","Shallow-water flatfish",27857.548890661,3325628094.40732,85237.199,0.326823842377329,0.457736285186804,57668.2589854013,2.07011245719231
1999,"EGOA","Shelf demersal fish",22465.9655716613,920719342.5679,85237.199,0.263569965170503,0.126726933861128,30343.3574702586,1.35063669413497
1999,"EGOA","Shelf forage fish",3140.65342051542,41973151.6829504,85237.199,0.0368460420727272,0.00577714464261523,6478.66897463904,2.06284110571354
1999,"EGOA","Slope demersal fish",46849.537835126,5550525190.20291,85237.199,0.549637228636831,0.76396900353106,74501.8468912208,1.59023653879809
1999,"EGOA","Slope forage fish",459.816201435294,232901.431201898,85237.199,0.00539454846979772,3.20563312874123e-05,482.598623290512,1.04954680105682
1999,"EGOA","Slope rockfish",113714.074113066,15857315573.0437,85237.199,1.33408975713839,2.18258582059924,125925.833620603,1.1073900447485
1999,"EGOA","Sockeye (red) salmon",15.6264055761239,24418.4551229517,85237.199,0.000183328473476984,3.36093291874013e-06,156.264055761239,10
1999,"EGOA","Squid",774.540413157512,486286.843667852,85237.199,0.00908688251425897,6.69320582569254e-05,697.342701738429,0.900330944508916
1999,"EGOA","Tanner crab",737.568788992458,44071825.1139165,85237.199,0.00865313264215144,0.00606600405588701,6638.66139473286,9.00073524504946
1999,"EGOA","Thornyheads",35289.0155177684,281555335.176422,85237.199,0.414009563098952,0.038753008315907,16779.6106979996,0.475491040251629
1999,"EGOA","Walleye pollock adult",38703.7677248341,4106051114.19277,85237.199,0.454071323071445,0.565152966730841,64078.4762162207,1.65561339329517
2003,"EGOA","Arrowtooth flounder adult",312975.236470542,112372505515.84,85237.199,3.6718151246446,15.466844689716,335220.085191565,1.07107542747433
2003,"EGOA","Big skate",10911.6285696164,775899973.717917,85237.199,0.128014865547334,0.106794133788875,27854.9811293764,2.55277944549351
2003,"EGOA","Chinook (king) salmon",1400.57054639013,13948134.4241562,85237.199,0.0164314473354542,0.00191980794465151,3734.72012661675,2.66657051745284
2003,"EGOA","Chum (dog) salmon",208.854678272064,1153053.60989584,85237.199,0.0024502761789728,0.000158705201252822,1073.80333855685,5.14138992451998
2003,"EGOA","Coho (silver) salmon",319.621212516453,2605415.19663542,85237.199,0.00374978549584264,0.000358606867521572,1614.12985742642,5.05013370269762
2003,"EGOA","Deep-water flatfish",53272.5476770333,5694671828.34997,85237.199,0.624991767702659,0.783809209589747,75463.0494238735,1.41654665891654
2003,"EGOA","Demersal shelf rockfish",3134.56590222731,43525109.2378724,85237.199,0.0367746235094763,0.00599075460313734,6597.35623093618,2.10471128593862
2003,"EGOA","Flathead sole adult",22982.5132286174,1225244062.43417,85237.199,0.269630085200446,0.16864142642076,35003.4864325566,1.52304867985329
2003,"EGOA","Gelatinous carnivores",5184.4265238942,17300990.335014,85237.199,0.0608235205370158,0.0023812918405759,4159.44591682763,0.802296241957987
2003,"EGOA","Infauna",137.12466602397,83839.780480891,85237.199,0.00160874204728349,1.15396275767388e-05,289.550998065783,2.11158944967033
2003,"EGOA","King crab",7.30230967029573,1599.71179562684,85237.199,8.56704555753378e-05,2.20182808754578e-07,39.9963972830909,5.47722557505166
2003,"EGOA","Large sculpins",72.3015622297261,36592.6113060127,85237.199,0.000848239537173507,5.03657218697027e-06,191.291953061316,2.64575131106459
2003,"EGOA","Lingcod",25663.468259053,3713287538.27385,85237.199,0.301082960962303,0.511093362020336,60936.7503094302,2.37445499159819
2003,"EGOA","Longnose skate",15864.1272024923,283708972.243188,85237.199,0.186117415736435,0.0390494328716894,16843.6626730408,1.06174531116938
2003,"EGOA","MISC_NA",698.550754986175,15245085.6074445,85237.199,0.00819537435745836,0.00209831907092728,3904.49556376294,5.58942286711896
2003,"EGOA","MISC_SHELLS",4.5793939815086,247.639856597209,85237.199,5.37252987572785e-05,3.40849141290408e-08,15.7365770292402,3.43638854677798
2003,"EGOA","Miscellaneous deep-sea fish",5.83828573107612,237.514537285818,85237.199,6.8494575133518e-05,3.26912748175013e-08,15.4115066520382,2.63973148316561
2003,"EGOA","Motile epifauna",4034.34931347243,13415035.5055552,85237.199,0.0473308527356985,0.00184643271696207,3662.65416133644,0.907867384984555
2003,"EGOA","Mysids",0.0442110387140115,0.0586384783251547,85237.199,5.18682444199175e-07,8.07094433761291e-12,0.242153831943983,5.47722557505166
2003,"EGOA","Octopus",81.1695424371611,30651.2213543696,85237.199,0.000952278387716155,4.21880492974605e-06,175.074902125832,2.15690389361711
2003,"EGOA","Other gelatinous zooplankton",53.4234025564513,6507.6223107076,85237.199,0.000626761592159444,8.95702940118722e-07,80.6698351969781,1.51000930934221
2003,"EGOA","Other skates",1364.89822897262,9331986.7778133,85237.199,0.0160129408871427,0.00128444577680593,3054.83007347599,2.23813761981024
2003,"EGOA","Pacific capelin",224.421536799612,1712404.55332042,85237.199,0.00263290604844503,0.000235693732649184,1308.58876402039,5.83094110610623
2003,"EGOA","Pacific cod adult",16878.3323336109,384348335.027668,85237.199,0.198016036796456,0.0529013389648584,19604.8038762867,1.16153678507956
2003,"EGOA","Pacific dogfish",37002.280111267,2988262532.71615,85237.199,0.434109526654753,0.411301610420202,54665.0028145627,1.47734146788207
2003,"EGOA","Pacific hake",6587.72845092091,271043291.958307,85237.199,0.0772870123397756,0.0373061406939757,16463.3924802365,2.49910004683558
2003,"EGOA","Pacific halibut adult",119556.181708941,76537274566.3662,85237.199,1.40262917026334,10.5345176140552,276653.708752234,2.31400589076813
2003,"EGOA","Pacific herring adult",10074.180312823,1073619142.9645,85237.199,0.118189950291809,0.147771916839544,32766.1279824836,3.25248575715653
2003,"EGOA","Pacific ocean perch adult",137243.67484244,31629947636.088,85237.199,1.61013825480634,4.35351588349397,177848.102705899,1.29585646048952
2003,"EGOA","Pacific sandlance",0.819867942514926,26.8873377265463,85237.199,9.61866358976585e-06,3.70074757012349e-09,5.18530015780633,6.32455532033676
2003,"EGOA","Pandalid shrimp",7006.08886035874,293477058.642549,85237.199,0.0821952028287408,0.0403939029852738,17131.1721327687,2.4451833932194
2003,"EGOA","Pelagic shelf rockfish",21463.9123872358,4852498170.3329,85237.199,0.251813910347239,0.667893228981092,69659.8748946113,3.24544163421189
2003,"EGOA","Pink (humpback) salmon",225.734216757424,1187109.92543847,85237.199,0.00264830636630169,0.000163392680105268,1089.54574270127,4.82667518620851
2003,"EGOA","Rex sole adult",31105.1063131241,660910701.656467,85237.199,0.364924078665749,0.0909671198427704,25708.1835542005,0.826493994118051
2003,"EGOA","Sablefish adult",42747.3093941811,1786176062.07197,85237.199,0.501510020222287,0.245847572889273,42263.1761947913,0.988674533994046
2003,"EGOA","Sessile epifauna",5379.04235226926,85464852.9633502,85237.199,0.0631067469998546,0.0117633010062877,9244.72027501915,1.71865541663175
2003,"EGOA","Shallow-water flatfish",26748.663504126,2801679842.67394,85237.199,0.313814435691698,0.385620546574336,52930.8968625503,1.97882398327624
2003,"EGOA","Shelf demersal fish",20189.3480989536,688502097.085927,85237.199,0.236860764265067,0.0947647732449173,26239.3234875811,1.29966175029401
2003,"EGOA","Shelf forage fish",23575.9080155784,1004899636.84808,85237.199,0.276591773218385,0.13831342943306,31700.152000394,1.34459940967904
2003,"EGOA","Slope demersal fish",49085.9587896775,15689138140.5717,85237.199,0.575874845320498,2.15943803888502,125256.28982439,2.55177433451154
2003,"EGOA","Slope forage fish",320.527910625276,140358.022140522,85237.199,0.00376042284807219,1.93187445580019e-05,374.643860406817,1.16883381442812
2003,"EGOA","Slope rockfish",122718.962494031,95780771469.2755,85237.199,1.43973480984553,13.183174209528,309484.686970576,2.5218978443175
2003,"EGOA","Sockeye (red) salmon",43.4214058770157,37829.0520376404,85237.199,0.00050941849786753,5.20675471228051e-06,194.496920380865,4.47928657427045
2003,"EGOA","Squid",2054.05907050249,2393208.45119773,85237.199,0.0240981530904423,0.000329398933083087,1546.99982262369,0.753142811148678
2003,"EGOA","Tanner crab",185.462163900291,115200.629754653,85237.199,0.00217583597391898,1.5856105017802e-05,339.412182684495,1.8300885503901
2003,"EGOA","Thornyheads",28784.4676852061,287468290.635125,85237.199,0.337698423023099,0.0395668618765902,16954.8898738719,0.589029127072792
2003,"EGOA","Walleye pollock adult",39338.8787122256,1342919490.70873,85237.199,0.461522424173343,0.184838160351035,36645.8659429509,0.931543224986792
2003,"EGOA","ZERO",615.172428889182,2892110.83032406,85237.199,0.00721718259288626,0.000398067381631555,1700.62071912701,2.76446186347757
2005,"EGOA","Arrowtooth flounder adult",283905.676187469,202360324267.097,85237.199,3.33077200469092,27.8526824015556,449844.777970242,1.58448673521131
2005,"EGOA","Big skate",3927.62356324369,121301244.605542,85237.199,0.0460787497632775,0.0166957878385893,11013.6844246393,2.80415988123451
2005,"EGOA","Chinook (king) salmon",2505.69858736355,116579967.481135,85237.199,0.0293967729672059,0.0160459557494577,10797.2203590153,4.30906590819289
2005,"EGOA","Chum (dog) salmon",754.360292612475,8817598.25725123,85237.199,0.0088501300073513,0.00121364583049179,2969.44409902783,3.93637380984643
2005,"EGOA","Coho (silver) salmon",37.1508397170694,72979.1959932863,85237.199,0.00043585242303738,1.00447870662579e-05,270.146619437087,7.27161543304135
2005,"EGOA","Deep-water flatfish",43210.9141028326,1574048444.58581,85237.199,0.506949015333464,0.216650529546713,39674.279383321,0.918154133210531
2005,"EGOA","Demersal shelf rockfish",4838.05382339783,146540246.507433,85237.199,0.0567598874688248,0.0201696600348888,12105.3808906384,2.50211786237149
2005,"EGOA","Flathead sole adult",13608.3409903252,1204765968.70027,85237.199,0.159652606490803,0.165822841092706,34709.7388163649,2.55062236028929
2005,"EGOA","Gelatinous carnivores",9736.49939389042,62439461.2612009,85237.199,0.1142282889175,0.00859410801070376,7901.86441678171,0.811571397184092
2005,"EGOA","Infauna",231.963371422631,258743.508219648,85237.199,0.00272138660284497,3.56132101685802e-05,508.668367622411,2.19288228353791
2005,"EGOA","King crab",10.2964696303706,2127.95940010857,85237.199,0.000120797841214498,2.92890306186695e-07,46.1298103194515,4.48015795466306
2005,"EGOA","Large sculpins",80.1199156103275,73954.546340124,85237.199,0.000939964200493349,1.01790333595424e-05,271.945851853129,3.39423537558089
2005,"EGOA","Lingcod",21113.5101582063,532096485.809225,85237.199,0.247703002983549,0.0732372537942111,23067.2166896924,1.09253347817803
2005,"EGOA","Longnose skate",11468.7901554943,204035397.79655,85237.199,0.134551466848346,0.0280832379276158,14284.0959740737,1.24547539717872
2005,"EGOA","MISC_NA",373.9633616065,4469119.22376841,85237.199,0.00438732579195264,0.000615125315721527,2114.02914449362,5.65303813563985
2005,"EGOA","MISC_SHELLS",66.6494588845847,165282.550107428,85237.199,0.000781929247634999,2.27493328612438e-05,406.549566605879,6.0998179641622
2005,"EGOA","Miscellaneous deep-sea fish",465.704603365008,3988105.63566544,85237.199,0.00546363100651639,0.000548919063340842,1997.0241950626,4.28817791499773
2005,"EGOA","Motile epifauna",6832.79172961936,37138518.0409958,85237.199,0.0801620866215859,0.00511171027031455,6094.13800639564,0.891895764944548
2005,"EGOA","Mysids",0.0213241433771978,0.0109132581785109,85237.199,2.50174144943427e-07,1.5020904671562e-12,0.104466540952167,4.89897948556636
2005,"EGOA","Octopus",66.1168099317117,48492.7839312697,85237.199,0.000775680227733806,6.67450061911434e-06,220.210771605909,3.33063213172795
2005,"EGOA","Other gelatinous zooplankton",144.554004702878,453909.399584456,85237.199,0.0016959028029872,6.24756576739798e-05,673.727986344976,4.66073553430626
2005,"EGOA","Other skates",795.023032754998,7462782.68860834,85237.199,0.00932718393004676,0.001027170305298,2731.80941659705,3.43613870799504
2005,"EGOA","Pacific capelin",397.719315477194,1984327.79986214,85237.199,0.00466602985718939,0.000273120989454376,1408.66170525862,3.54184886285565
2005,"EGOA","Pacific cod adult",16564.0182243258,613368610.640318,85237.199,0.194328514060226,0.084423471691511,24766.2797093209,1.49518549025437
2005,"EGOA","Pacific dogfish",33139.8355488048,3024524185.22326,85237.199,0.388795454773271,0.416292629753137,54995.6742410097,1.65950353495321
2005,"EGOA","Pacific hake",19316.8722898712,704507677.761692,85237.199,0.226624906924396,0.0969677661331188,26542.563511494,1.37406113749644
2005,"EGOA","Pacific halibut adult",75916.8625492025,11685834152.1196,85237.199,0.890654120968974,1.60842708873422,108101.03677634,1.42393973020524
2005,"EGOA","Pacific herring adult",24765.1557036469,19265109788.4841,85237.199,0.290543987768144,2.65163137246956,138798.810472151,5.60460075975665
2005,"EGOA","Pacific ocean perch adult",189177.883522772,51226600529.8332,85237.199,2.21942867365658,7.05078053336961,226332.941769052,1.19640275889759
2005,"EGOA","Pacific sleeper shark",4370.75489929017,1069780662.61324,85237.199,0.0512775519440775,0.147243592057918,32707.5016259763,7.48326144558876
2005,"EGOA","Pandalid shrimp",3184.6094035257,72964442.7956371,85237.199,0.0373617322118445,0.0100427564501773,8541.92266387592,2.68225128470044
2005,"EGOA","Pelagic shelf rockfish",5033.60786336571,111198257.085474,85237.199,0.0590541209990454,0.0153052222535494,10545.058420202,2.09493045673031
2005,"EGOA","Pink (humpback) salmon",459.498829807106,4529013.28704085,85237.199,0.00539082507635083,0.000623369077576069,2128.14785366075,4.63145434897871
2005,"EGOA","Rex sole adult",30323.1489404714,732756308.023795,85237.199,0.355750180627961,0.100855880711996,27069.4718829865,0.892699895255852
2005,"EGOA","Sablefish adult",38128.9415226214,1053001578.10318,85237.199,0.447327481075738,0.144934134838277,32449.9857951152,0.851059182323827
2005,"EGOA","Sessile epifauna",8808.5325478505,154864192.470796,85237.199,0.103341412566249,0.0213153600335667,12444.4442411381,1.41277155684404
2005,"EGOA","Shallow-water flatfish",15614.2343303975,444199650.566648,85237.199,0.183185680824606,0.0611392170620599,21076.0444715475,1.34979686006871
2005,"EGOA","Shelf demersal fish",18979.4562158074,1052059087.77087,85237.199,0.222666352701329,0.144804411366111,32435.4603446732,1.70897732663483
2005,"EGOA","Shelf forage fish",17077.954263746,1063406573.39765,85237.199,0.2003579946796,0.146366268485899,32609.9152620434,1.90947432920988
2005,"EGOA","Slope demersal fish",28170.0159499343,1810164426.53788,85237.199,0.330489695583899,0.249149308539389,42546.0271534003,1.51033024720384
2005,"EGOA","Slope forage fish",228.276741645658,78593.112763531,85237.199,0.00267813518421292,1.08174812265223e-05,280.344632128976,1.22809108850932
2005,"EGOA","Slope rockfish",119451.538933622,22538755904.2081,85237.199,1.40140150468367,3.10221290759301,150129.130764845,1.25682039850714
2005,"EGOA","Squid",839.75189499933,341231.111084232,85237.199,0.00985194146278,4.69667253053736e-05,584.149904634274,0.695622014207828
2005,"EGOA","Tanner crab",129.191409776422,200745.929524722,85237.199,0.0015156693473283,2.76304786459877e-05,448.046793900729,3.46808502729489
2005,"EGOA","Thornyheads",31386.4571349066,217283061.756004,85237.199,0.368224877203046,0.0299066337842967,14740.524473573,0.469646013572499
2005,"EGOA","Walleye pollock adult",46558.9221755681,1976517172.48708,85237.199,0.546227735329127,0.272045942137555,44458.0383337713,0.954876879798148
2007,"EGOA","Arrowtooth flounder adult",266554.6927786,204070442767.298,85237.199,3.12721084110941,28.0880614840297,451741.566348834,1.69474249970924
2007,"EGOA","Big skate",8681.71627748852,512124506.109113,85237.199,0.101853608275989,0.0704883295199876,22630.1680530462,2.60664681149805
2007,"EGOA","Chinook (king) salmon",755.736980547207,8081588.68463098,85237.199,0.00886628126467655,0.00111234217353758,2842.8135156269,3.76164404918825
2007,"EGOA","Chum (dog) salmon",217.261254961877,430479.04174041,85237.199,0.00254890185870463,5.925072552412e-05,656.109016658368,3.0199080677017
2007,"EGOA","Coho (silver) salmon",119.550771643832,380497.230251824,85237.199,0.00140256569955838,5.23712765694497e-05,616.844575441678,5.15968711000372
2007,"EGOA","Deep-water flatfish",27819.5350053099,788698863.26933,85237.199,0.326377864731453,0.10855576076323,28083.782923056,1.0094986461023
2007,"EGOA","Demersal shelf rockfish",6200.30427367394,160235838.010849,85237.199,0.0727417647038582,0.0220547082123299,12658.4295238726,2.0415819877775
2007,"EGOA","Flathead sole adult",29219.6039939282,3639855954.61248,85237.199,0.342803427807713,0.50098630874608,60331.2187396582,2.06475141662409
2007,"EGOA","Gelatinous carnivores",4399.86486754618,21833993.1666867,85237.199,0.0516190691290335,0.00300521003527737,4672.68586218748,1.06200667585354
2007,"EGOA","Infauna",206.467517681888,366403.81264227,85237.199,0.00242227008986872,5.04314719854578e-05,605.312987339831,2.9317589233211
2007,"EGOA","Large sculpins",160.420021602775,317467.374021236,85237.199,0.0018820423885911,4.36959071571675e-05,563.442431860822,3.5122949506639
2007,"EGOA","Lingcod",26510.884586117,3774479857.312,85237.199,0.311024821288613,0.519515814562638,61436.795630241,2.31741779232873
2007,"EGOA","Longnose skate",8120.91957425267,199702705.569063,85237.199,0.0952743598983429,0.0274868902937951,14131.620769362,1.74015031674075
2007,"EGOA","MISC_NA",748.13218899755,7516761.95489482,85237.199,0.00877706210169518,0.0010345999601258,2741.67137981466,3.66468843358862
2007,"EGOA","MISC_SHELLS",12.6502857072223,957.841744542096,85237.199,0.000148412733590909,1.3183642593135e-07,30.9490184746156,2.44650746954641
2007,"EGOA","Miscellaneous deep-sea fish",23.9125554861756,2710.22700234167,85237.199,0.000280541310210998,3.73033064686667e-07,52.0598405908208,2.1770923070484
2007,"EGOA","Motile epifauna",2218.03123527905,2243600.78033534,85237.199,0.0260218691052841,0.000308807075679921,1497.86540795071,0.675313036230646
2007,"EGOA","Mysids",0.0535679333151992,0.0231935586319348,85237.199,6.28457222241656e-07,3.19233933171838e-12,0.1522943158228,2.84301272044013
2007,"EGOA","Octopus",25.6275850849425,3678.39400713017,85237.199,0.000300661980750242,5.06290649609523e-07,60.6497651036685,2.36658135765212
2007,"EGOA","Other gelatinous zooplankton",267.857146280764,1710739.01855921,85237.199,0.00314249118252658,0.000235464490030106,1307.95222334733,4.88302157141759
2007,"EGOA","Other skates",761.796951061947,2362039.76392909,85237.199,0.00893737663836123,0.000325108904637486,1536.89289279673,2.01745739550978
2007,"EGOA","Pacific capelin",92.3689008464956,89108.9656541741,85237.199,0.00108366889022826,1.22648732081539e-05,298.511248790015,3.23172892666655
2007,"EGOA","Pacific cod adult",8980.61215217466,96093644.5981975,85237.199,0.105360244793763,0.0132262377691631,9802.73658720857,1.09154436480534
2007,"EGOA","Pacific dogfish",107017.755707863,62411481040.7357,85237.199,1.25552877104588,8.59025683979382,249822.899352193,2.33440607775554
2007,"EGOA","Pacific hake",28354.6820006942,522076750.073232,85237.199,0.332656191584782,0.0718581469054823,22848.9988855799,0.805828077529508
2007,"EGOA","Pacific halibut adult",105015.550314768,55961351390.3532,85237.199,1.23203896358406,7.70246713471391,236561.51713741,2.25263321887428
2007,"EGOA","Pacific herring adult",26509.6775164519,12983218643.2427,85237.199,0.311010659987219,1.7869978550879,113943.927627771,4.29820119679152
2007,"EGOA","Pacific ocean perch adult",178206.446039472,65242210299.8859,85237.199,2.09071213191171,8.97987572039927,255425.547469093,1.43331261660713
2007,"EGOA","Pandalid shrimp",1611.34228491134,4797887.93738513,85237.199,0.0189042144018756,0.00066037672850266,2190.40816684588,1.35936863778536
2007,"EGOA","Pelagic shelf rockfish",11202.9569226868,515481252.277541,85237.199,0.131432720151759,0.0709503488672608,22704.2122144227,2.02662675319629
2007,"EGOA","Pink (humpback) salmon",213.746593176072,525413.603270855,85237.199,0.00250766796285824,7.23174282031903e-05,724.854194490764,3.39118478437535
2007,"EGOA","Rex sole adult",16690.5529076342,271038655.589992,85237.199,0.195813014780486,0.0373055025486542,16463.2516712219,0.986381443582475
2007,"EGOA","Sablefish adult",35846.4202036974,925834602.577175,85237.199,0.420549016441723,0.127430993379493,30427.5303397626,0.848830376000115
2007,"EGOA","Salmon shark",11600.2973842815,2874131024.73056,85237.199,0.136094305307728,0.395592658304977,53610.9226252502,4.6215127810338
2007,"EGOA","Sessile epifauna",5775.53597343959,44623255.2818957,85237.199,0.0677583970519677,0.006141902379291,6680.06401779921,1.15661369758917
2007,"EGOA","Shallow-water flatfish",32799.0412803069,7722553799.5056,85237.199,0.384797267684816,1.06292495372093,87878.0621059978,2.67928752413752
2007,"EGOA","Shelf demersal fish",32815.8134932099,4663390072.95374,85237.199,0.384994038731962,0.641864570473351,68289.0186849521,2.08097899810048
2007,"EGOA","Shelf forage fish",10240.2927375229,132411187.438062,85237.199,0.120138775765296,0.0182249497942955,11507.0060153831,1.1236989322794
2007,"EGOA","Slope demersal fish",25334.1945099289,2308498052.02048,85237.199,0.297219932226174,0.31773947437774,48046.8318624702,1.89652099827527
2007,"EGOA","Slope forage fish",185.425987162889,31896.3033691398,85237.199,0.0021754115496321,4.39017683304222e-06,178.595362115425,0.96316252564176
2007,"EGOA","Slope rockfish",121462.021743761,17605716554.6466,85237.199,1.42498842252853,2.42323406737155,132686.53494099,1.09241171055846
2007,"EGOA","Sockeye (red) salmon",4.91690828374952,580.223689699311,85237.199,5.76850053900706e-05,7.98614363244592e-08,24.0878328145002,4.89897948556636
2007,"EGOA","Squid",1765.96926574765,32050528.3227517,85237.199,0.0207182930277618,0.00441140420884776,5661.31860283024,3.20578546446755
2007,"EGOA","Tanner crab",131.613048726817,50910.2875363021,85237.199,0.00154407993541432,7.00724351404422e-06,225.633081653161,1.71436710748565
2007,"EGOA","Thornyheads",38793.2029440352,492569216.739596,85237.199,0.455120574105623,0.0677967581062121,22193.9004399767,0.572107966233017
2007,"EGOA","Walleye pollock adult",47148.192082158,6119236849.16667,85237.199,0.553141030386956,0.842245934903595,78225.5511272799,1.65914211495041
2009,"EGOA","Arrowtooth flounder adult",300171.483023468,119820333056.884,85237.199,3.52160191260471,16.4919565827393,346150.737478463,1.1531766242145
2009,"EGOA","Big skate",10535.2966680231,738889022.561216,85237.199,0.123599752122581,0.101699981703082,27182.5131759596,2.58013742113825
2009,"EGOA","Chinook (king) salmon",768.999005349742,13914663.8466194,85237.199,0.00902187090110437,0.00191520108622061,3730.23643307222,4.85076886591772
2009,"EGOA","Chum (dog) salmon",209.705790375011,1180775.07722996,85237.199,0.00246026139801956,0.000162520757628109,1086.63474876794,5.18171075211961
2009,"EGOA","Coho (silver) salmon",52.8444959665796,70061.6852073865,85237.199,0.000619969879190652,9.64322365891958e-06,264.691679520507,5.00887887525515
2009,"EGOA","Deep-water flatfish",38154.7013648644,1177577764.13971,85237.199,0.447629694693093,0.16208068249795,34315.8529566105,0.899387276772425
2009,"EGOA","Demersal shelf rockfish",3100.84159639677,25309913.9476952,85237.199,0.0363789710686853,0.00348363246278154,5030.89593886568,1.62242919622585
2009,"EGOA","Flathead sole adult",15749.886179817,1427472554.51878,85237.199,0.18477714383619,0.196475963566212,37781.9077670621,2.39886862264938
2009,"EGOA","Gelatinous carnivores",19161.12651954,303432920.015268,85237.199,0.224797702697152,0.0417642182674447,17419.3260493989,0.90909717816618
2009,"EGOA","Infauna",213.172867730163,280120.091111874,85237.199,0.00250093703489908,3.85554626890982e-05,529.263725482745,2.48279122534813
2009,"EGOA","King crab",11.2233273961486,3652.92925739304,85237.199,0.000131671705872791,5.02785705696075e-07,60.4394677126878,5.3851648071345
2009,"EGOA","Large sculpins",348.033361008711,1575252.4067487,85237.199,0.00408311588240611,0.000216816241752739,1255.09059702824,3.6062364636269
2009,"EGOA","Lingcod",30563.5539298157,4064913222.31279,85237.199,0.358570604013111,0.559490786452408,63756.671982725,2.08603594101432
2009,"EGOA","Longnose skate",11098.2285004937,216020630.30583,85237.199,0.130204049765803,0.0297328739212267,14697.6402971984,1.32432309323462
2009,"EGOA","MISC_NA",76.9612763907148,293561.639092572,85237.199,0.000902907149620377,4.04055445579012e-05,541.813288036176,7.0400766911078
2009,"EGOA","MISC_SHELLS",42.5983326907439,11530.5275004498,85237.199,0.000499762230464001,1.58705082903769e-06,107.380293818046,2.52076283355048
2009,"EGOA","Miscellaneous deep-sea fish",4.92466673802869,201.510458389191,85237.199,5.77760273191133e-05,2.77357076711238e-08,14.195437942846,2.88251747742189
2009,"EGOA","Motile epifauna",4290.8107146914,15493556.4818354,85237.199,0.0503396494140006,0.00213251836555439,3936.18552431607,0.917352404019801
2009,"EGOA","Octopus",68.2238174899179,17819.0296999218,85237.199,0.00080039957073106,2.45259428563046e-06,133.487938406141,1.95661783988954
2009,"EGOA","Other gelatinous zooplankton",7.84199005467437,487.132644783746,85237.199,9.20019679984366e-05,6.70484735173831e-08,22.0710816405483,2.81447457681897
2009,"EGOA","Other skates",984.722625775435,4585467.63222098,85237.199,0.0115527332822778,0.000631139399906719,2141.37050325743,2.17459256770014
2009,"EGOA","Pacific capelin",111.345302045039,204700.926178232,85237.199,0.00130629940156808,2.81748406205417e-05,452.43886457535,4.06338530917397
2009,"EGOA","Pacific cod adult",13828.3606868099,471257550.946473,85237.199,0.162233870294235,0.0648634407134188,21708.467263869,1.56985110205981
2009,"EGOA","Pacific dogfish",17161.0667918824,466377176.053168,85237.199,0.201333068111287,0.0641917105588243,21595.7675495262,1.25841638002024
2009,"EGOA","Pacific hake",40862.4589976843,37579636457.1624,85237.199,0.479397017699799,5.17242538920686,193854.678708465,4.74407765620398
2009,"EGOA","Pacific halibut adult",106450.144106551,52489398648.6116,85237.199,1.24886957050937,7.22459086435718,229105.64953447,2.15223428260602
2009,"EGOA","Pacific herring adult",7600.29501141061,1123052616.21831,85237.199,0.0891664097433634,0.154575893041554,33511.9772054457,4.40929952786477
2009,"EGOA","Pacific ocean perch adult",209763.219209436,54881836553.1203,85237.199,2.46093515120594,7.55388374012748,234268.727219662,1.11682461826522
2009,"EGOA","Pacific sandlance",1.31944347453795,82.7964579250885,85237.199,1.54796672112366e-05,1.13960256533164e-08,9.09925589952764,6.8962832247998
2009,"EGOA","Pandalid shrimp",2083.5073372107,14263236.2524044,85237.199,0.0244436391816524,0.00196317826034029,3776.66999516829,1.81265020176233
2009,"EGOA","Pelagic shelf rockfish",25069.0924381607,9379677323.96595,85237.199,0.294109763486723,1.29100985818086,96848.7342403914,3.86327245309312
2009,"EGOA","Pink (humpback) salmon",51.987510163604,69130.2899798749,85237.199,0.000609915750089394,9.51502730641738e-06,262.926396506465,5.0574916105626
2009,"EGOA","Rex sole adult",24899.0465069824,1534784742.52368,85237.199,0.292114790245306,0.211246310970732,39176.3288545989,1.57340679064207
2009,"EGOA","Sablefish adult",47753.5773788286,1888243155.82325,85237.199,0.5602433906683,0.259895990513629,43453.9199132052,0.909961563057061
2009,"EGOA","Sessile epifauna",10467.8699189967,366354079.625101,85237.199,0.122808703732706,0.0504246267803164,19140.3782518816,1.82848835531919
2009,"EGOA","Shallow-water flatfish",20218.7226928603,1205180956.82536,85237.199,0.237205386029406,0.165879959663208,34715.7162798834,1.71700837917631
2009,"EGOA","Shelf demersal fish",31293.2626875097,7923577229.00154,85237.199,0.367131523027988,1.0905936271988,89014.4776370762,2.84452530648411
2009,"EGOA","Shelf forage fish",12318.672107808,291466258.564538,85237.199,0.144522253808552,0.0401171383766544,17072.3829199247,1.38589474340369
2009,"EGOA","Slope demersal fish",13209.8255983916,352341128.913863,85237.199,0.154977237090951,0.0484958975836109,18770.751953874,1.42096894573381
2009,"EGOA","Slope forage fish",124.49109196408,28795.1001312832,85237.199,0.00146052537418646,3.96333017147685e-06,169.691190494036,1.36307897871919
2009,"EGOA","Slope rockfish",86645.1833440924,5940374610.52556,85237.199,1.01651842576493,0.817627506639333,77073.8257161636,0.889533875300162
2009,"EGOA","Sockeye (red) salmon",54.5221266073565,107015.84243239,85237.199,0.000639651786391485,1.47295586820175e-05,327.132759644139,6
2009,"EGOA","Squid",1691.14784593031,2458172.28308206,85237.199,0.0198404906046984,0.000338340493063363,1567.85595099871,0.927095732506
2009,"EGOA","Tanner crab",167.72115685037,214839.242079908,85237.199,0.00196769906587815,2.95702687703963e-05,463.507542635401,2.76356037210566
2009,"EGOA","Thornyheads",33654.3510756625,367390899.53289,85237.199,0.394831733920098,0.0505673336854563,19167.443740178,0.569538354701458
2009,"EGOA","Walleye pollock adult",56844.3855523326,3845439085.67914,85237.199,0.666896451540279,0.529282575207678,62011.6044436777,1.0909011301844
2009,"EGOA","ZERO",25.2646125998391,10212.8103971192,85237.199,0.000296403599557971,1.40568150129476e-06,101.058450399356,4
2011,"EGOA","Arrowtooth flounder adult",372705.93478106,234507575449.821,85237.199,4.37257370201783,32.2773994527777,484259.822254356,1.29930805244308
2011,"EGOA","Big skate",33202.2958195085,17400391716.3612,85237.199,0.389528236603699,2.39497335208249,131910.544371408,3.97293443466948
2011,"EGOA","Chinook (king) salmon",1419.31938317796,22135432.1979965,85237.199,0.0166514080686527,0.0030466998166014,4704.83073000469,3.31484991029308
2011,"EGOA","Chum (dog) salmon",221.149249676054,934016.329767099,85237.199,0.00259451568412114,0.000128557118521576,966.445202671677,4.37010391890252
2011,"EGOA","Coho (silver) salmon",207.615654871937,941750.722296144,85237.199,0.00243573999741518,0.000129621672946761,970.438417570195,4.67420637508664
2011,"EGOA","Deep-water flatfish",46544.8293693047,1147489332.53086,85237.199,0.546062398992072,0.157939339413046,33874.6119170517,0.727784640658523
2011,"EGOA","Demersal shelf rockfish",37563.9758980519,14473248730.3721,85237.199,0.440699323050865,1.99208417789297,120304.815906813,3.20266460167365
2011,"EGOA","Flathead sole adult",29119.3200156469,4216754960.48773,85237.199,0.341626899490759,0.580390138753824,64936.5456464057,2.23001586615048
2011,"EGOA","Gelatinous carnivores",3918.08328975549,150672375.660969,85237.199,0.0459668235901967,0.0207384023581307,12274.8676433178,3.1328756270732
2011,"EGOA","Infauna",59.665883256085,18990.3052040171,85237.199,0.00069999816929795,2.61380753105514e-06,137.805316312605,2.30961663168794
2011,"EGOA","Large sculpins",384.404395527359,1818957.33565932,85237.199,0.00450981965664263,0.00025035955618073,1348.6872638456,3.50851155589767
2011,"EGOA","Lingcod",14777.7697834969,308773505.749883,85237.199,0.173372306421014,0.0424992914041538,17571.9522464034,1.18908011857289
2011,"EGOA","Longnose skate",9435.09736357108,96737771.0074729,85237.199,0.110692250264712,0.0133148947149798,9835.53613218277,1.04244140290039
2011,"EGOA","MISC_NA",291.178432334905,3764857.04882805,85237.199,0.00341609573931336,0.000518191340363037,1940.32395460862,6.66369393862565
2011,"EGOA","MISC_SHELLS",2.9357479781364,49.0638250704805,85237.199,3.44420981986562e-05,6.7530981779306e-09,7.00455745000928,2.38595325694672
2011,"EGOA","Miscellaneous deep-sea fish",14.7397780106093,1159.31610319437,85237.199,0.000172926588197828,1.59567164869048e-07,34.0487313008043,2.30998942292733
2011,"EGOA","Motile epifauna",5159.19101628074,15746408.4172562,85237.199,0.0605274583961956,0.00216732066525123,3968.17444390443,0.769146641669624
2011,"EGOA","Octopus",63.2169301810779,22156.5941129349,85237.199,0.000741658934394101,3.04961252242911e-06,148.8509123685,2.35460519740729
2011,"EGOA","Other gelatinous zooplankton",60.7009401204699,6612.68731545311,85237.199,0.000712141422203114,9.10163987358555e-07,81.318431585054,1.33965687226039
2011,"EGOA","Other skates",2046.89935155515,24965887.4089937,85237.199,0.0240141555045133,0.00343628097747994,4996.58757643591,2.44105191231787
2011,"EGOA","Pacific capelin",158.520049206119,732122.579876944,85237.199,0.00185975197526281,0.000100768654973122,855.641618831707,5.39768706303604
2011,"EGOA","Pacific cod adult",17869.4809599049,302100741.682945,85237.199,0.209644159704319,0.041580858509909,17381.0454715171,0.97266649828925
2011,"EGOA","Pacific dogfish",22199.6204170089,2244304530.30554,85237.199,0.260445212623762,0.308903939155906,47374.091340157,2.134004566306
2011,"EGOA","Pacific hake",3251.46093329334,21820813.7276198,85237.199,0.0381460321483974,0.00300339602982995,4671.27538554727,1.43666969444896
2011,"EGOA","Pacific halibut adult",37268.068361186,2393430960.49572,85237.199,0.437227745613579,0.329429559051052,48922.7039368811,1.31272443376307
2011,"EGOA","Pacific herring adult",3613.94760353438,129550177.490096,85237.199,0.0423987137767675,0.0178311631085061,11382.0111355637,3.14946766921365
2011,"EGOA","Pacific ocean perch adult",165718.160077299,39294324457.6448,85237.199,1.94419997397262,5.40843341334977,198227.960837125,1.19617524563791
2011,"EGOA","Pandalid shrimp",3312.30423041612,39428936.1751011,85237.199,0.0388598436982441,0.00542696124200105,6279.24646554832,1.8957336128389
2011,"EGOA","Pelagic shelf rockfish",16228.5295868926,2802397099.87861,85237.199,0.190392572459973,0.385719269173216,52937.6718403691,3.26201283714118
2011,"EGOA","Pink (humpback) salmon",274.359639789149,954039.480076016,85237.199,0.00321877822133913,0.000131313085869685,976.749445905149,3.56010616815141
2011,"EGOA","Rex sole adult",19799.2015994605,193894400.848938,85237.199,0.232283578434581,0.0266874407611507,13924.5969725855,0.703290832341692
2011,"EGOA","Sablefish adult",49275.7112205597,3759270837.63074,85237.199,0.578101014564776,0.517422459571458,61312.8929151996,1.2442822517723
2011,"EGOA","Sessile epifauna",4026.71109049217,161722162.256874,85237.199,0.0472412413562788,0.0222592844666931,12717.0028802731,3.15816123741789
2011,"EGOA","Shallow-water flatfish",39570.5304939219,5299843843.20917,85237.199,0.464240155215822,0.729465461559091,72800.0263956626,1.83975361176532
2011,"EGOA","Shelf demersal fish",35040.6343386804,3907192017.00859,85237.199,0.411095563319489,0.537782189892095,62507.5356817767,1.78385856481988
2011,"EGOA","Shelf forage fish",25837.9316848494,3255169684.63374,85237.199,0.303129760104498,0.448038456736243,57054.0943722161,2.20815253589632
2011,"EGOA","Slope demersal fish",17266.8614647617,1036007877.72464,85237.199,0.202574247715034,0.142595138094795,32187.0762531275,1.86409535507162
2011,"EGOA","Slope forage fish",780.516101223615,1389935.51243966,85237.199,0.00915698908904333,0.000191309400826652,1178.95526312055,1.51048166882439
2011,"EGOA","Slope rockfish",170002.170769825,52552578823.3193,85237.199,1.99445984575144,7.23328692346156,229243.49243396,1.34847391298518
2011,"EGOA","Squid",1915.27952656173,3655459.19582699,85237.199,0.0224699960701633,0.000503133924013829,1911.92552047066,0.998248816402747
2011,"EGOA","Tanner crab",149.087368779925,127573.115668581,85237.199,0.00174908808042748,1.75590422013949e-05,357.173789167935,2.39573474326438
2011,"EGOA","Thornyheads",33495.5176959777,194192062.97213,85237.199,0.392968305962022,0.0267284106924367,13935.2812304643,0.416034209620162
2011,"EGOA","Walleye pollock adult",76548.8412386285,7869791431.73278,85237.199,0.89806847405472,1.08319060126243,88711.8449347818,1.15889206811423
2013,"EGOA","Arrowtooth flounder adult",343460.2953321,98067149238.7646,85237.199,4.02946482711263,13.4978690692748,313156.748671915,0.911769869553964
2013,"EGOA","Big skate",12784.8074025251,2151223415.71362,85237.199,0.149990937671768,0.296092343149123,46381.2830322062,3.62784370322588
2013,"EGOA","Chinook (king) salmon",1278.41208549754,16731158.5950918,85237.199,0.0149982883118618,0.00230286074232646,4090.37389429033,3.19957386252212
2013,"EGOA","Chum (dog) salmon",3729.12295024598,130760388.129378,85237.199,0.0437499471357098,0.0179977353488749,11435.0508581894,3.06641830016228
2013,"EGOA","Coho (silver) salmon",336.291340285437,930711.64872806,85237.199,0.00394535888357192,0.00012810226536915,964.733978217861,2.86874463493176
2013,"EGOA","Deep-water flatfish",60210.066719406,7594183051.00586,85237.199,0.70638251169429,1.04525612609594,87144.6099939971,1.44734285713571
2013,"EGOA","Demersal shelf rockfish",10653.5730592227,775371741.345059,85237.199,0.124987366832909,0.106721428387909,27845.4976853541,2.61372382115956
2013,"EGOA","Flathead sole adult",18548.8221825397,1063437019.08159,85237.199,0.217614168463463,0.146370459000854,32610.382075063,1.75808370764154
2013,"EGOA","Gelatinous carnivores",7231.78637709613,19782627.8496485,85237.199,0.084843078631621,0.00272286206577314,4447.76661366674,0.615030143555307
2013,"EGOA","Infauna",428.746575132847,688782.547436189,85237.199,0.00503004064144397,9.48033741641615e-05,829.929242427443,1.93571048858009
2013,"EGOA","Large sculpins",120.939128988915,205088.998441108,85237.199,0.00141885386201997,2.82282545173907e-05,452.867528578842,3.74459062476257
2013,"EGOA","Lingcod",19057.610055238,3443493556.51421,85237.199,0.223583250961098,0.473959175192863,58681.2879588903,3.07915251643853
2013,"EGOA","Longnose skate",15929.5612137963,234273751.047261,85237.199,0.186885085393248,0.0322452160845912,15306.0037582401,0.960855327577003
2013,"EGOA","MISC_NA",208.783624910228,787426.052610265,85237.199,0.00244944258328136,0.000108380572315729,887.370301852764,4.25019108770774
2013,"EGOA","MISC_SHELLS",90.5280464535095,44402.9859814139,85237.199,0.00106207204736408,6.11158472245114e-06,210.720160358267,2.32767820154478
2013,"EGOA","Miscellaneous deep-sea fish",10.769340661805,394.08671035537,85237.199,0.000126345548518142,5.42417196748221e-08,19.8516173234165,1.84334565567445
2013,"EGOA","Motile epifauna",9593.31049622228,37978240.3711239,85237.199,0.112548401505102,0.00522728885248603,6162.6488112762,0.642390216985364
2013,"EGOA","Octopus",107.280950860794,53217.6688889583,85237.199,0.0012586165678766,7.32482928698447e-06,230.689550888111,2.1503309677731
2013,"EGOA","Other gelatinous zooplankton",83.8770339054521,55662.0679162531,85237.199,0.000984042588089411,7.66127404223229e-06,235.928099039205,2.81278543188769
2013,"EGOA","Other skates",2322.06998240207,30672082.8132111,85237.199,0.027242448246124,0.00422167628108258,5538.23824092203,2.38504363903493
2013,"EGOA","Pacific capelin",275.086413797705,1716474.07353482,85237.199,0.00322730470997416,0.000236253857537643,1310.14276837863,4.76265894157206
2013,"EGOA","Pacific cod adult",12707.7949176097,163635981.58524,85237.199,0.14908742974543,0.0225227007372491,12792.0280481728,1.00662846159458
2013,"EGOA","Pacific dogfish",115737.226267512,143347308402.063,85237.199,1.35782531131169,19.730187073483,378612.345813053,3.27131000131228
2013,"EGOA","Pacific hake",2336.79102298713,3882351.11053476,85237.199,0.0274151550074648,0.000534363111171559,1970.36826774457,0.843194041898469
2013,"EGOA","Pacific halibut adult",109582.718563625,95335294748.3711,85237.199,1.28562083045016,13.1218592177203,308764.140969075,2.81763534448
2013,"EGOA","Pacific herring adult",46019.4048891106,50625977212.8365,85237.199,0.539898136365446,6.96811131176272,225002.171573602,4.889289031785
2013,"EGOA","Pacific ocean perch adult",366559.524917251,427726644184.077,85237.199,4.30046422474829,58.8718881445248,654008.137704782,1.78417990325697
2013,"EGOA","Pandalid shrimp",1427.57561487685,2787762.14283462,85237.199,0.0167482699059228,0.00038370492761697,1669.65928944639,1.16957677901385
2013,"EGOA","Pelagic shelf rockfish",50645.1651142041,54518769432.5656,85237.199,0.594167402359199,7.5039115272647,233492.546845859,4.6103620418521
2013,"EGOA","Pink (humpback) salmon",1603.84263003102,8189694.86640611,85237.199,0.0188162286988222,0.00112722180548882,2861.764292601,1.78431738813779
2013,"EGOA","Rex sole adult",24780.1836718686,497009197.784192,85237.199,0.290720295394368,0.0684078728706895,22293.7030971571,0.89965850908788
2013,"EGOA","Sablefish adult",37523.9971411025,573579015.532367,85237.199,0.440230293596373,0.0789468696973104,23949.5097138202,0.638245164121567
2013,"EGOA","Sessile epifauna",7708.65154522717,99377324.9041812,85237.199,0.0904376450149091,0.0136782004006821,9968.81762819348,1.29319863139562
2013,"EGOA","Shallow-water flatfish",19780.9262571663,2026134915.48205,85237.199,0.232069172723125,0.278875281051327,45012.6084056684,2.27555615042855
2013,"EGOA","Shelf demersal fish",15248.7831416355,906451478.249371,85237.199,0.178898219562981,0.124763118598172,30107.3326325892,1.97440886613331
2013,"EGOA","Shelf forage fish",10502.3472509722,111705642.42967,85237.199,0.123213190651328,0.015375058289335,10569.0890066112,1.00635493704828
2013,"EGOA","Slope demersal fish",29320.0118528726,2480290352.08059,85237.199,0.34398140948851,0.341384803025718,49802.5135116751,1.69858435806859
2013,"EGOA","Slope forage fish",398.870089396755,189189.089754676,85237.199,0.00467953069875929,2.60398062212099e-05,434.958721897465,1.09047715900505
2013,"EGOA","Slope rockfish",158559.771229092,26000495892.2047,85237.199,1.86021799272278,3.57868350424599,161246.692655089,1.01694579529958
2013,"EGOA","Squid",3130.41333326315,10083074.9674621,85237.199,0.0367259057077081,0.00138782484025433,3175.38579820816,1.01436630251575
2013,"EGOA","Tanner crab",429.648839687687,457361.452792719,85237.199,0.0050406259793648,6.29507949914911e-05,676.285038125729,1.57404134645708
2013,"EGOA","Thornyheads",39374.2134682158,422828990.580586,85237.199,0.461936970362152,0.0581977797647082,20562.8059996827,0.522240425609559
2013,"EGOA","Walleye pollock adult",93207.351280904,8113266805.8449,85237.199,1.09350556299843,1.11670231998647,90073.6743218844,0.966379508526367
2013,"EGOA","ZERO",417.824507185719,610953.773609408,85237.199,0.00490190330146487,8.4091095821305e-05,781.635320088216,1.87072636153625
2015,"EGOA","Arrowtooth flounder adult",569582.738698176,492269446499.333,85237.199,6.68232585514895,67.7554980156992,701619.160584525,1.23181254085777
2015,"EGOA","Big skate",12499.3692180917,2139720182.31188,85237.199,0.146642186331014,0.294509049053851,46257.10953261,3.70075551217873
2015,"EGOA","Chinook (king) salmon",1584.00738283232,34265227.9228093,85237.199,0.0185835222346093,0.00471623335358582,5853.65082002756,3.69546940466958
2015,"EGOA","Chum (dog) salmon",1616.97084212917,16767009.5231734,85237.199,0.0189702484490272,0.00230779522994045,4094.75390263852,2.53236100240787
2015,"EGOA","Coho (silver) salmon",316.80829019712,1553951.67616919,85237.199,0.00371678438421141,0.000213884429472339,1246.57598090497,3.93479596171344
2015,"EGOA","Deep-water flatfish",33658.9112667022,396919004.518646,85237.199,0.394885233930577,0.0546315539473418,19922.826218151,0.591903465334606
2015,"EGOA","Demersal shelf rockfish",14724.6384405688,3383078605.20347,85237.199,0.172748971262755,0.465643718804573,58164.238198428,3.95013014636585
2015,"EGOA","Flathead sole adult",24129.4444958163,1163248406.94139,85237.199,0.283085844899905,0.160108403413554,34106.4276484856,1.41347753175168
2015,"EGOA","Gelatinous carnivores",11100.2544332325,101542861.099517,85237.199,0.1302278179417,0.0139762627411938,10076.8477759425,0.907803315370312
2015,"EGOA","Infauna",280.41886888506,819872.168361362,85237.199,0.00328986489672261,0.000112846424801647,905.467927848006,3.22898359674629
2015,"EGOA","King crab",2.52178943580286,94.7203638349141,85237.199,2.95855502689953e-05,1.30372207121563e-08,9.73243874036277,3.8593383738497
2015,"EGOA","Large sculpins",413.85566651591,953874.175663483,85237.199,0.00485534099397037,0.0001312903335277,976.664822579109,2.35991651582608
2015,"EGOA","Lingcod",17346.4963978524,1513394775.33484,85237.199,0.203508522116646,0.208302216248369,38902.3749318063,2.24266468798982
2015,"EGOA","Longnose skate",7120.03522030968,95346469.7081849,85237.199,0.0835320177556478,0.0131233973285514,9764.55169007696,1.3714190152071
2015,"EGOA","MISC_NA",1026.86314052615,20457649.6708523,85237.199,0.0120471244078087,0.00281577142667777,4523.01333967216,4.40468954543897
2015,"EGOA","MISC_SHELLS",35.8348692122461,20522.0762430009,85237.199,0.00042041350059199,2.82463903873944e-06,143.255283473249,3.99765051812421
2015,"EGOA","Miscellaneous deep-sea fish",18.1358897121253,2019.75087468313,85237.199,0.000212769658375627,2.77996587752851e-07,44.9416385402572,2.47804983673947
2015,"EGOA","Motile epifauna",3372.20273820164,5288216.42281415,85237.199,0.0395625710108287,0.000727865074484279,2299.61223314152,0.681931785147617
2015,"EGOA","Octopus",289.991865019385,2678486.67030114,85237.199,0.00340217497080571,0.000368664355598823,1636.60828248581,5.64363514947705
2015,"EGOA","Other gelatinous zooplankton",43.3152710359121,34774.0823887316,85237.199,0.000508173327421425,4.7862715978873e-06,186.478101633226,4.30513528308801
2015,"EGOA","Other skates",1038.53508665609,7887173.98343161,85237.199,0.0121840592938312,0.00108558311913148,2808.41129171488,2.70420453559975
2015,"EGOA","Pacific capelin",85.0330245745744,88668.0106271048,85237.199,0.000997604632392653,1.22041805779814e-05,297.771742492643,3.50183642158342
2015,"EGOA","Pacific cod adult",24841.9199499713,2726478246.69315,85237.199,0.291444583367543,0.375269870489341,52215.6896602271,2.10191844130338
2015,"EGOA","Pacific dogfish",33984.2996912323,8458888062.48361,85237.199,0.398702680167051,1.1642733007469,91972.2135347606,2.70631480920258
2015,"EGOA","Pacific hake",13424.2003345448,2993498455.01723,85237.199,0.157492274406445,0.412022277781551,54712.8728455857,4.07568953696199
2015,"EGOA","Pacific halibut adult",58848.3346490323,3140793813.58942,85237.199,0.69040671607513,0.432295870722228,56042.7855623668,0.952325769226985
2015,"EGOA","Pacific herring adult",50713.9697528271,65890644034.6811,85237.199,0.594974616104256,9.06912552240031,256691.729579823,5.06155859679105
2015,"EGOA","Pacific ocean perch adult",303387.556417231,170141143667.44,85237.199,3.55933277930955,23.418065053858,412481.688887447,1.35958670737367
2015,"EGOA","Pandalid shrimp",2806.80123238076,32346803.9154423,85237.199,0.0329292992415291,0.00445218329939543,5687.42506899584,2.02630132956429
2015,"EGOA","Pelagic shelf rockfish",3713.43529785449,77294588.8293562,85237.199,0.0435659001166203,0.0106387536283116,8791.73411957824,2.36754740944533
2015,"EGOA","Pink (humpback) salmon",27.250089024337,20469.9354943846,85237.199,0.000319697143313414,2.81746243573365e-06,143.07318230327,5.25037485842675
2015,"EGOA","Rex sole adult",24922.7408595635,1563483009.4676,85237.199,0.292392771606251,0.215196313114478,39540.9029925671,1.5865391056054
2015,"EGOA","Sablefish adult",50371.9992326504,1721109398.10843,85237.199,0.590962629270002,0.236891859199502,41486.2555325066,0.823597557462357
2015,"EGOA","Salmon shark",1253.70176730852,28291826.1843453,85237.199,0.0147083876760019,0.00389406002449618,5319.0061274965,4.24264068711928
2015,"EGOA","Sessile epifauna",3418.62780605734,28643214.7077689,85237.199,0.0401072283717035,0.00394242480636691,5351.93560385108,1.56552157984797
2015,"EGOA","Shallow-water flatfish",28772.1259745384,2383307844.17259,85237.199,0.337553630481668,0.32803622295672,48819.1339965448,1.69675101658274
2015,"EGOA","Shelf demersal fish",28360.0656939084,3951962813.58065,85237.199,0.332719352895541,0.543944399714117,62864.6388169108,2.21666054992298
2015,"EGOA","Shelf forage fish",16856.0355676407,1444706275.84325,85237.199,0.197754451875415,0.198847996564211,38009.2919671394,2.25493662579282
2015,"EGOA","Slope demersal fish",43441.1853398856,7864558648.34382,85237.199,0.509650549871841,1.08247036593796,88682.3468811229,2.04143478561344
2015,"EGOA","Slope forage fish",494.515542212729,266834.39422633,85237.199,0.00580163998834275,3.67268320166746e-05,516.560155476911,1.04457820105217
2015,"EGOA","Slope rockfish",180102.047870413,48919258997.6527,85237.199,2.11295126990756,6.73320024128173,221176.985687148,1.22806480160786
2015,"EGOA","Squid",1753.10886568622,1196235.47270028,85237.199,0.0205674152395156,0.000164648711743605,1093.72550153148,0.623877685487237
2015,"EGOA","Tanner crab",1006.036530581,26664827.9477024,85237.199,0.0118027873086374,0.00367012153597462,5163.79975867601,5.13281536177802
2015,"EGOA","Thornyheads",34104.262541172,358033765.224435,85237.199,0.40011008035555,0.0492794266264713,18921.7801811678,0.554821561038732
2015,"EGOA","Walleye pollock adult",77298.630891604,6470248339.47796,85237.199,0.906864981468995,0.890558822295655,80437.8538965204,1.0406116249241
2015,"EGOA","ZERO",56.3322511162275,12061.1064393758,85237.199,0.000660888107271421,1.66007920912348e-06,109.823068794201,1.94955938415471
2017,"EGOA","Arrowtooth flounder adult",226882.469303709,63322925362.6709,85237.199,2.66177762720369,8.71570716864412,251640.468451859,1.10912257445069
2017,"EGOA","Big skate",5293.80002083699,265645270.980263,85237.199,0.0621066867863289,0.0365631622250345,16298.6278864284,3.07881442862882
2017,"EGOA","Chinook (king) salmon",1261.68059954291,12319118.7846548,85237.199,0.0148019950719276,0.00169559178272091,3509.86022295117,2.781892837397
2017,"EGOA","Chum (dog) salmon",79.5935745841538,285081.170178746,85237.199,0.000933789184979597,3.92383008893187e-05,533.929930027102,6.70820393249937
2017,"EGOA","Coho (silver) salmon",57.563523812503,67270.7480559589,85237.199,0.00067533335782776,9.25908172614223e-06,259.366050314915,4.50573615263247
2017,"EGOA","Deep-water flatfish",42433.43033749,3397620725.70287,85237.199,0.497827601508703,0.467645282427194,58289.113269142,1.37366017325362
2017,"EGOA","Demersal shelf rockfish",3429.18367673247,24073707.5129974,85237.199,0.0402310694973972,0.00331348218587771,4906.4964601024,1.43080596510292
2017,"EGOA","Flathead sole adult",14354.7785753133,781068907.821325,85237.199,0.168409787554297,0.107505580958464,27947.610055626,1.94692031709141
2017,"EGOA","Gelatinous carnivores",5878.33971085272,72333446.8104958,85237.199,0.0689644870997311,0.0099559067634393,8504.90721939374,1.44682131991994
2017,"EGOA","Infauna",366.999583197581,2286570.79353921,85237.199,0.00430562697394105,0.000314721427393345,1512.14112884321,4.12028023483917
2017,"EGOA","King crab",3.43014987573018,188.254850719548,85237.199,4.02424049120875e-05,2.59112184497345e-08,13.7205995029207,4
2017,"EGOA","Large sculpins",156.949027551724,1108484.87622443,85237.199,0.0018413208011648,0.000152570803176099,1052.84608382442,6.70820393249937
2017,"EGOA","Lingcod",16081.4614969979,294816234.199573,85237.199,0.188667174492651,0.0405782258341564,17170.2135746639,1.06770230913834
2017,"EGOA","Longnose skate",8676.47563861443,148676241.356443,85237.199,0.101792125274018,0.0204636563326132,12193.2867331349,1.40532714445356
2017,"EGOA","MISC_NA",212.957784317423,410287.657630922,85237.199,0.00249841368341331,5.64716026358452e-05,640.53700722981,3.00781213179351
2017,"EGOA","MISC_SHELLS",286.203024271889,1727255.03041959,85237.199,0.00335772441644743,0.000237737738180668,1314.25074868519,4.59202257568275
2017,"EGOA","Miscellaneous deep-sea fish",28.6629770607945,4113.80496257448,85237.199,0.000336273099035018,5.66220199041068e-07,64.138950432436,2.2376932548352
2017,"EGOA","Motile epifauna",5296.41519841516,42425050.8166669,85237.199,0.062137367963196,0.00583934360920875,6513.45152869559,1.22978491766367
2017,"EGOA","Octopus",43.5318093981356,19092.4042632603,85237.199,0.000510713748326428,2.62786034837938e-06,138.175266467123,3.17412182901454
2017,"EGOA","Other gelatinous zooplankton",1287.02584069988,4561497.5600352,85237.199,0.0150993446030515,0.000627840181988627,2135.76626999192,1.65945873225864
2017,"EGOA","Other skates",1822.24629289385,36444670.2680667,85237.199,0.0213785332492431,0.00501620972333523,6036.9421289314,3.31291228440056
2017,"EGOA","Pacific capelin",4.02254509272054,150.883088592937,85237.199,4.71923660081855e-05,2.07674046855052e-08,12.2834477486143,3.0536507274569
2017,"EGOA","Pacific cod adult",7322.49836547556,126103518.250673,85237.199,0.0859073086795773,0.0173567682117313,11229.5822830003,1.5335725216336
2017,"EGOA","Pacific dogfish",26523.3254387322,2279111585.56399,85237.199,0.311170776960094,0.313694749108195,47740.041742378,1.79992670423834
2017,"EGOA","Pacific hake",731.570488771544,1514309.96999545,85237.199,0.00858276078231458,0.000208428182770266,1230.57302505599,1.68209768428791
2017,"EGOA","Pacific halibut adult",59548.0245246093,3657978095.05563,85237.199,0.698615454557691,0.503480622905872,60481.2210116135,1.01567132569811
2017,"EGOA","Pacific herring adult",26085.933905954,8371724297.44269,85237.199,0.306039313961431,1.15227616309948,91497.1272633337,3.50752737445409
2017,"EGOA","Pacific ocean perch adult",407649.433546427,190582033505.356,85237.199,4.78252967400334,26.2315296730843,436557.022054801,1.07091286318464
2017,"EGOA","Pandalid shrimp",2601.53456147924,15712944.3160198,85237.199,0.0305211174463774,0.00216271469821216,3963.95564001665,1.52369901161826
2017,"EGOA","Pelagic shelf rockfish",2571.80580972372,8958451.42430906,85237.199,0.0301723407138674,0.00123303272632488,2993.06722682753,1.16379985437122
2017,"EGOA","Pink (humpback) salmon",613.402737826197,6071374.14197167,85237.199,0.00719642063585639,0.000835658157446678,2464.01585668024,4.01696260015455
2017,"EGOA","Rex sole adult",23029.4609640783,541561676.515118,85237.199,0.270180874480382,0.0745400336328785,23271.4777466992,1.01050900770098
2017,"EGOA","Sablefish adult",40241.95852377,1304482498.57737,85237.199,0.472117326658869,0.179547729342965,36117.6203338118,0.897511494438768
2017,"EGOA","Sessile epifauna",24421.1811206336,9228397426.97687,85237.199,0.286508489334963,1.27018783716544,96064.5482317846,3.93365692499692
2017,"EGOA","Shallow-water flatfish",23410.5749174905,1559527290.85723,85237.199,0.274652090778939,0.214651851770469,39490.850723392,1.68688085886723
2017,"EGOA","Shelf demersal fish",23247.6998112865,747236329.219693,85237.199,0.272741245418993,0.102848897045598,27335.6238125215,1.17584208478339
2017,"EGOA","Shelf forage fish",5735.97525933485,51598070.0086295,85237.199,0.0672942720623052,0.0071019092388224,7183.17965866298,1.25230311043844
2017,"EGOA","Slope demersal fish",16318.8522924513,1555804539.31369,85237.199,0.191452235454749,0.214139455791774,39443.6882062732,2.41706264015386
2017,"EGOA","Slope forage fish",246.838483150316,123468.814817273,85237.199,0.00289590092173625,1.69941301391814e-05,351.381295485791,1.42352720289491
2017,"EGOA","Slope rockfish",112256.500867353,13977193027.1137,85237.199,1.31698955601947,1.92380754310115,118225.179327898,1.05317000275644
2017,"EGOA","Squid",1742.47744839005,5174663.58343592,85237.199,0.0204426878033621,0.000712235769765326,2274.78868984262,1.30549103630834
2017,"EGOA","Tanner crab",257.01381467726,644715.203192239,85237.199,0.00301527757472721,8.87379868509512e-05,802.94159388603,3.12411842489598
2017,"EGOA","Thornyheads",45111.3612943321,902184523.987007,85237.199,0.529244998939162,0.124175819075294,30036.386666625,0.665827538890936
2017,"EGOA","Walleye pollock adult",31067.6705557348,2486795071.48408,85237.199,0.364484883598002,0.342280106412451,49867.7758826688,1.60513405062691
2019,"EGOA","Arrowtooth flounder adult",234034.433960759,52532211716.0626,85237.199,2.74568424005532,7.23048361420658,229199.065696313,0.979339073389272
2019,"EGOA","Big skate",13269.4900846173,643093556.598796,85237.199,0.155677218870335,0.0885147849575054,25359.2893551613,1.91109750212324
2019,"EGOA","Chinook (king) salmon",1508.89764049405,15262190.325066,85237.199,0.0177023372212647,0.0021006733479784,3906.68533735006,2.58909897696634
2019,"EGOA","Chum (dog) salmon",50.4606180721275,45832.9315719801,85237.199,0.000592002302564253,6.3084010723448e-06,214.086271329995,4.24264068711929
2019,"EGOA","Coho (silver) salmon",197.643527813361,513545.506452518,85237.199,0.00231874733252745,7.06839146545771e-05,716.620894512934,3.62582525439262
2019,"EGOA","Deep-water flatfish",34349.2297403395,1388539875.03517,85237.199,0.402984027435481,0.191117306622831,37263.1168185804,1.08483122038742
2019,"EGOA","Demersal shelf rockfish",6635.39978695241,400514199.317531,85237.199,0.0778462908776767,0.0551263931371274,20012.8508543269,3.01607310740784
2019,"EGOA","Flathead sole adult",23216.1330520164,1142035592.0294,85237.199,0.272370905243101,0.157188691761943,33794.0171040586,1.45562643995631
2019,"EGOA","Gelatinous carnivores",87981.1211146135,4089014150.29514,85237.199,1.0321916035112,0.562808015237775,63945.3997586624,0.726808194173387
2019,"EGOA","Infauna",146.911782017938,316756.494793722,85237.199,0.00172356416847928,4.35980624169917e-05,562.811242597127,3.83094694561944
2019,"EGOA","Large sculpins",263.132915982612,286714.308843882,85237.199,0.00308706666889197,3.9463084540573e-05,535.457102711209,2.03493014437842
2019,"EGOA","Lingcod",13121.4047451904,188346365.1759,85237.199,0.153939886565142,0.0259238144123924,13723.9340269436,1.04591957137623
2019,"EGOA","Longnose skate",7814.00845596225,80494078.5571532,85237.199,0.091673688807656,0.0110791283487916,8971.84922728605,1.14817500874859
2019,"EGOA","MISC_NA",236.429183689009,698379.643328021,85237.199,0.00277377936467632,9.61243093070585e-05,835.691117176688,3.53463605523389
2019,"EGOA","MISC_SHELLS",23.5208448755304,20631.1916305606,85237.199,0.000275945774280199,2.83965757681419e-06,143.635621036568,6.10673731308002
2019,"EGOA","Miscellaneous deep-sea fish",10.0727648347536,480.599597301839,85237.199,0.000118173343949906,6.61492710809032e-08,21.9225819031847,2.1764214952727
2019,"EGOA","Motile epifauna",4902.49144189566,57102711.9636353,85237.199,0.0575158674781848,0.00785956291753804,7556.63363963315,1.54138640101556
2019,"EGOA","Octopus",34.2113623005185,5193.97689442657,85237.199,0.000401366571190573,7.14894035505377e-07,72.0692506858963,2.10658815784147
2019,"EGOA","Other gelatinous zooplankton",351.336851325916,747633.330632497,85237.199,0.00412187232156604,0.000102903539942143,864.657926947123,2.46105105024985
2019,"EGOA","Other skates",596.807360127772,1765256.57619144,85237.199,0.00700172421348303,0.000242968234766325,1328.62958577304,2.22622855302688
2019,"EGOA","Pacific capelin",110.09227298505,126939.051538776,85237.199,0.00129159890607211,1.7471770218146e-05,356.285070608882,3.236240482175
2019,"EGOA","Pacific cod adult",10400.6782447027,137099914.48906,85237.199,0.122020413231818,0.0188703017223081,11708.9672682547,1.12578881807236
2019,"EGOA","Pacific dogfish",9506.41670208591,276790469.20604,85237.199,0.111528966385743,0.0380971766995083,16637.0210436256,1.75008329268535
2019,"EGOA","Pacific hake",11016.0214334484,1764047268.33735,85237.199,0.129239599173694,0.24280178678445,42000.5627145321,3.81267982894478
2019,"EGOA","Pacific halibut adult",60576.0335084458,11808959333.637,85237.199,0.710676021961325,1.62537392151312,108669.035762894,1.7939278864758
2019,"EGOA","Pacific herring adult",76042.2105614623,203521843644.025,85237.199,0.892124699703732,28.0125528229241,451133.953104868,5.93267804517902
2019,"EGOA","Pacific ocean perch adult",302390.705238501,56115767775.2791,85237.199,3.54763775424508,7.72372085894328,236887.6691077,0.783382772697535
2019,"EGOA","Pacific sleeper shark",0.438228513492319,5.37723844105524,85237.199,5.14128242872362e-06,7.40117980333263e-10,2.31888732823638,5.29150262212918
2019,"EGOA","Pandalid shrimp",3708.96834723181,51497925.5725402,85237.199,0.0435134939996304,0.00708812545396842,7176.20551353849,1.93482522408002
2019,"EGOA","Pelagic shelf rockfish",12216.1537571517,580939902.199672,85237.199,0.143319511908782,0.079960015131233,24102.6949157075,1.97301829977353
2019,"EGOA","Pink (humpback) salmon",5.38801864169279,1248.32202997885,85237.199,6.32120565305388e-05,1.71817855905262e-07,35.3316010106936,6.557438524302
2019,"EGOA","Rex sole adult",25755.8471934781,556962808.253566,85237.199,0.302166747566143,0.0766598307447339,23600.0594968226,0.916299095872823
2019,"EGOA","Sablefish adult",48264.7681865935,949718242.448361,85237.199,0.566240664320674,0.130718314836081,30817.4989648473,0.638509209154504
2019,"EGOA","Sessile epifauna",9539.94775881367,363050898.489803,85237.199,0.111922351634451,0.0499699800732137,19053.8945753828,1.99727451943115
2019,"EGOA","Shallow-water flatfish",18670.5299696157,1611979592.22233,85237.199,0.219042040196742,0.221871336600037,40149.4656530112,2.15041917494309
2019,"EGOA","Shelf demersal fish",17750.825067943,1807544500.81546,85237.199,0.208252092703598,0.248788704456911,42515.2266936854,2.39511270777297
2019,"EGOA","Shelf forage fish",11664.818022991,386489105.916387,85237.199,0.136851259307466,0.053195992632142,19659.3261816469,1.6853521540498
2019,"EGOA","Slope demersal fish",13375.7331220725,912508450.500323,85237.199,0.15692365867246,0.125596794493048,30207.7548073392,2.25839993454195
2019,"EGOA","Slope forage fish",797.61683498063,2373995.97184847,85237.199,0.00935761433198468,0.000326754545714172,1540.7777165602,1.9317266749988
2019,"EGOA","Slope rockfish",118128.628571737,9330264568.05044,85237.199,1.38588116406473,1.28420873349357,96593.2946329632,0.817695894728041
2019,"EGOA","Squid",1600.71749787573,2396537.08950682,85237.199,0.0187795647517198,0.000329857083691358,1548.07528547769,0.967113364808031
2019,"EGOA","Tanner crab",251.815105689842,729264.087998512,85237.199,0.00295428649280043,0.000100375214872026,853.969606015643,3.39125646841642
2019,"EGOA","Thornyheads",31169.8632650464,432844556.442386,85237.199,0.365683805084285,0.0595763127159223,20804.9166410824,0.66746897360993
2019,"EGOA","Walleye pollock adult",66541.211675049,5503693483.89507,85237.199,0.780659294952302,0.757523132054822,74186.8821551025,1.11490128129002
2019,"EGOA","ZERO",13.8204240579712,3438.07418055869,85237.199,0.000162140758027152,4.73213257445151e-07,58.6350934215909,4.24264068711929
2021,"EGOA","Arrowtooth flounder adult",166666.936526823,19084021281.2608,85237.199,1.9553309879038,2.62670652271688,138144.92853978,0.828868229167618
2021,"EGOA","Big skate",8008.85692528882,747272515.045227,85237.199,0.0939596446064449,0.102853877628178,27336.2856848773,3.41325684050617
2021,"EGOA","Chinook (king) salmon",2731.24346022114,40685227.4844151,85237.199,0.032042857957136,0.0055998759819279,6378.49727478307,2.33538216848184
2021,"EGOA","Chum (dog) salmon",1416.1006325032,10535800.4146603,85237.199,0.0166136457921758,0.00145013753984889,3245.88977241376,2.29213213942013
2021,"EGOA","Coho (silver) salmon",3.23719790438463,188.63010489874,85237.199,3.79786987648976e-05,2.5962868077747e-08,13.7342675413995,4.24264068711928
2021,"EGOA","Deep-water flatfish",28984.3057938427,630102813.206079,85237.199,0.340042917105273,0.0867267514030627,25101.8488005581,0.866049681475919
2021,"EGOA","Demersal shelf rockfish",174055.620267074,773185115752.428,85237.199,2.04201478121159,106.420463322829,879309.453919624,5.05188773893309
2021,"EGOA","Euphausiids",0.0393151472396646,0.0711013169139194,85237.199,4.61244007322022e-07,9.78631757736195e-12,0.266648301914562,6.78232998312527
2021,"EGOA","Flathead sole adult",28594.3258515063,2508112467.70816,85237.199,0.335467685317843,0.345214212536306,50081.058971513,1.75143345681901
2021,"EGOA","Gelatinous carnivores",28093.9542656695,376351686.169643,85237.199,0.329597342419352,0.051800687828199,19399.7857248384,0.690532402145494
2021,"EGOA","Infauna",51.3563683916263,19408.0263802072,85237.199,0.000602511215691477,2.67130227610936e-06,139.312692818017,2.71266635825309
2021,"EGOA","Large sculpins",415.866417393147,682985.485358026,85237.199,0.00487893105676956,9.40054720580545e-05,826.429358964228,1.98724716495429
2021,"EGOA","Lingcod",23765.78381829,1219970320.70805,85237.199,0.278819389856887,0.16791555362975,34928.0735327337,1.46967900574157
2021,"EGOA","Longnose skate",7112.3910522637,106894885.464869,85237.199,0.0834423366289137,0.014712910280149,10338.9982815004,1.45365998656806
2021,"EGOA","MISC_NA",393.072447797055,3372047.00268019,85237.199,0.00461151295923104,0.000464125339534457,1836.31342713606,4.67169204411946
2021,"EGOA","MISC_SHELLS",117.64420846057,136020.272923658,85237.199,0.00138019796333958,1.87217008849772e-05,368.80926360879,3.13495469462401
2021,"EGOA","Miscellaneous deep-sea fish",29.2798409377804,4464.13754008386,85237.199,0.000343510125641041,6.14439641521342e-07,66.8142016347113,2.28191818994821
2021,"EGOA","Motile epifauna",2202.47437797975,8308587.68062005,85237.199,0.0258393565698909,0.00114358609926094,2882.46208658849,1.30873807904747
2021,"EGOA","Octopus",21.5793957833743,2393.02735497747,85237.199,0.000253168757731871,3.29374007171719e-07,48.9185788323564,2.26691142437108
2021,"EGOA","Other gelatinous zooplankton",335.256201848252,1736126.98502003,85237.199,0.00393321467365735,0.000238958865566494,1317.62171544796,3.93019341084214
2021,"EGOA","Other skates",725.199514491155,2456792.50254617,85237.199,0.00850801672273575,0.000338150581383843,1567.41586777287,2.16135813173105
2021,"EGOA","Pacific capelin",313.025881059287,1480303.72589888,85237.199,0.00367240928528501,0.000203747595703991,1216.67733023135,3.88682662952368
2021,"EGOA","Pacific cod adult",26243.1989090286,2073743361.5356,85237.199,0.307884341776982,0.28542806224677,45538.3724076256,1.73524472247013
2021,"EGOA","Pacific dogfish",19306.4619997538,973898573.966548,85237.199,0.226502773744991,0.134046472648536,31207.3480764795,1.61641983274188
2021,"EGOA","Pacific hake",6962.66557911071,559548699.472668,85237.199,0.0816857623290826,0.0770157503505731,23654.7817464602,3.39737439313888
2021,"EGOA","Pacific halibut adult",79158.7659756335,16605562026.8693,85237.199,0.928688024762915,2.28557375023403,128862.570309882,1.62790019174311
2021,"EGOA","Pacific herring adult",15264.5978189926,4450451196.41968,85237.199,0.179083756834767,0.61255586620769,66711.7020950573,4.37035439034318
2021,"EGOA","Pacific ocean perch adult",204980.94392194,28816551198.7667,85237.199,2.40482965567581,3.96628267598561,169754.384917641,0.828147151972752
2021,"EGOA","Pandalid shrimp",3419.05227469883,18702864.8991956,85237.199,0.0401122082237689,0.00257424452111929,4324.68090143025,1.26487709282281
2021,"EGOA","Pelagic shelf rockfish",2876.74728757008,34528999.0830736,85237.199,0.0337499040479976,0.00475253856499591,5876.13810959831,2.04263271055754
2021,"EGOA","Pink (humpback) salmon",74.4283040212252,153302.390818676,85237.199,0.000873190401543172,2.11003951408771e-05,391.538492129032,5.26061284450838
2021,"EGOA","Rex sole adult",27971.3564403039,521375564.048945,85237.199,0.328159028786292,0.0717616363285715,22833.6498188298,0.816322578690849
2021,"EGOA","Sablefish adult",50100.7613100741,1660751045.55997,85237.199,0.587780474931773,0.228584193010974,40752.3133767885,0.813407068299262
2021,"EGOA","Sessile epifauna",1821.53669577255,13361600.1927526,85237.199,0.0213702082792813,0.001839077931374,3655.35226657468,2.00674094299504
2021,"EGOA","Shallow-water flatfish",28423.7570014642,2335906223.74611,85237.199,0.333466577209608,0.321511909043705,48331.2137623928,1.70038090882578
2021,"EGOA","Shelf demersal fish",24818.6227779523,5160646012.6889,85237.199,0.291171261715818,0.710306404671293,71837.6364636873,2.89450535214648
2021,"EGOA","Shelf forage fish",12311.3342254007,204169811.96305,85237.199,0.144436166014802,0.0281017385655416,14288.8002282575,1.16062158387162
2021,"EGOA","Slope demersal fish",3006.03006717006,10918934.0106851,85237.199,0.0352666453430745,0.00150287168329373,3304.3810329145,1.09925082553326
2021,"EGOA","Slope forage fish",155.841105800823,55649.5552707555,85237.199,0.00182832269982057,7.65955181361703e-06,235.901579627512,1.51373142801626
2021,"EGOA","Slope rockfish",98428.5635173303,11256545657.7426,85237.199,1.15476065229842,1.54934022901589,106096.86921744,1.07790732106702
2021,"EGOA","Squid",2113.07597748062,9322523.07784334,85237.199,0.0247905374915079,0.00128314320215073,3053.2807073447,1.44494601229865
2021,"EGOA","Tanner crab",740.307517938721,11287910.4529933,85237.199,0.00868526331958329,0.00155365724957748,3359.74856990718,4.53831480634144
2021,"EGOA","Thornyheads",29962.1448062993,324616463.174627,85237.199,0.351514892063726,0.0446799009828889,18017.1158395185,0.601329309233246
2021,"EGOA","Walleye pollock adult",58829.1146547128,3365899076.14534,85237.199,0.69018122773735,0.463279144778526,58016.3690362069,0.986184636242171
2023,"EGOA","Arrowtooth flounder adult",327826.478890136,196395635597.782,85237.199,3.84604940960268,27.0317083310096,443165.47202798,1.35182939928564
2023,"EGOA","Big skate",2795.39178549477,38747004.210732,85237.199,0.0327954439879561,0.00533310077556905,6224.70916675888,2.22677522308636
2023,"EGOA","Chinook (king) salmon",3504.53739986447,171824829.766887,85237.199,0.0411151168853457,0.0236498060058536,13108.1970448604,3.74035016586421
2023,"EGOA","Chum (dog) salmon",1083.33162999031,5829259.914701,85237.199,0.0127096108588729,0.000802333785678192,2414.38603265944,2.22866753431822
2023,"EGOA","Coho (silver) salmon",231.303197946084,891865.205455344,85237.199,0.00271364146944908,0.000122755477895747,944.386152723209,4.08289276200731
2023,"EGOA","Deep-water flatfish",32567.6520083753,810096443.198567,85237.199,0.382082616398215,0.111500903295935,28462.1932253747,0.873940596578936
2023,"EGOA","Demersal shelf rockfish",23173.0658178408,11257863657.0841,85237.199,0.271865641875923,1.54952163719063,106103.080337397,4.57872433330374
2023,"EGOA","Euphausiids",0.0678270361059394,0.0906559765134553,85237.199,7.95744544655197e-07,1.24778023101968e-11,0.301091309262581,4.43910461887653
2023,"EGOA","Flathead sole adult",21184.5530031492,2789147371.15194,85237.199,0.248536475291137,0.383895589123941,52812.3789575128,2.49296640574205
2023,"EGOA","Gelatinous carnivores",26049.6798649941,313920795.655509,85237.199,0.305613982751757,0.0432077594869629,17717.8101258454,0.680154620619919
2023,"EGOA","Infauna",142.533388716292,171989.406461484,85237.199,0.00167219700305135,2.36724581854344e-05,414.716055225119,2.90960636634129
2023,"EGOA","Large sculpins",65.9840720981844,43538.977706584,85237.199,0.000774122951860308,5.99266344596916e-06,208.659957123028,3.16227766016838
2023,"EGOA","Lingcod",34215.7461617817,6433873168.81719,85237.199,0.401418002505944,0.885552178432109,80211.4279190764,2.3442840480466
2023,"EGOA","Longnose skate",7501.21513470324,95121658.320617,85237.199,0.0880040079062574,0.0130924545031687,9753.03328819383,1.30019378368085
2023,"EGOA","MISC_NA",1063.65433864459,13427676.8811452,85237.199,0.0124787575275038,0.00184817266386471,3664.37946740579,3.44508486852532
2023,"EGOA","MISC_SHELLS",13.4335050106123,2036.03547368459,85237.199,0.000157601436558378,2.80237984457799e-07,45.1224497748581,3.35894837119664
2023,"EGOA","Miscellaneous deep-sea fish",5.95208563729117,180.222129934635,85237.199,6.98296718700385e-05,2.48056024073958e-08,13.4246836065002,2.25545874582037
2023,"EGOA","Motile epifauna",2155.77564369814,2388038.47052818,85237.199,0.0252914885635571,0.000328687341865132,1545.32794918366,0.716831528225599
2023,"EGOA","Octopus",51.5981977539291,85124.0530091946,85237.199,0.000605348349773074,1.17163936250116e-05,291.760266330415,5.65446622228579
2023,"EGOA","Other gelatinous zooplankton",12.5637723386898,988.919078065019,85237.199,0.000147397761612155,1.36113880534351e-07,31.4470837767991,2.50299694463251
2023,"EGOA","Other skates",578.871468586789,2623160.730314,85237.199,0.0067913009270376,0.000361049345884786,1619.61746419147,2.79788787681223
2023,"EGOA","Pacific capelin",58.1658164847845,47289.4319013015,85237.199,0.000682399435542039,6.50887239120276e-06,217.46133426727,3.73864491911939
2023,"EGOA","Pacific cod adult",27432.8111753632,2825577814.92797,85237.199,0.321840833546903,0.388909840726455,53156.1644113641,1.9376856448129
2023,"EGOA","Pacific dogfish",17868.6354473062,1407610936.02576,85237.199,0.209634240178472,0.193742229303478,37518.1414255259,2.09966460708011
2023,"EGOA","Pacific hake",337.760275143867,1697953.8815213,85237.199,0.00396259237875551,0.000233704755938618,1303.05559417904,3.85793028390925
2023,"EGOA","Pacific halibut adult",168124.044991056,211322059112.995,85237.199,1.97242573622176,29.0861670549026,459697.791068214,2.73427748596383
2023,"EGOA","Pacific herring adult",20080.1771180395,10386854114.5083,85237.199,0.235579973927106,1.42963671288073,101915.91688499,5.07544910016913
2023,"EGOA","Pacific ocean perch adult",863059.225771327,556106325892.098,85237.199,10.1253822966581,76.5419453278029,745725.368947643,0.864048893378294
2023,"EGOA","Pacific sleeper shark",30.9744131821575,9348.78908957205,85237.199,0.000363390791175077,1.28675843100197e-06,96.6891363575663,3.12158089287913
2023,"EGOA","Pandalid shrimp",3034.4153632501,20101849.5045869,85237.199,0.0355996606980257,0.00276679943048581,4483.50861542463,1.47755270083475
2023,"EGOA","Pelagic shelf rockfish",5622.39482449261,175015064.205326,85237.199,0.0659617501566729,0.0240889068371167,13229.3259165131,2.35296992286681
2023,"EGOA","Pink (humpback) salmon",323.595308322737,464994.648671654,85237.199,0.0037964094564245,6.40014208060862e-05,681.905161053686,2.10727765055725
2023,"EGOA","Rex sole adult",20602.8504314919,303695234.453831,85237.199,0.241711959956496,0.0418003229770664,17426.8538311949,0.845846738010462
2023,"EGOA","Sablefish adult",54390.692843582,1341839896.20774,85237.199,0.638109809821203,0.184689565991606,36631.1328818499,0.673481637514612
2023,"EGOA","Sessile epifauna",1451.10639439816,5984875.18107462,85237.199,0.0170243322331387,0.000823752522808782,2446.40045394752,1.68588634395905
2023,"EGOA","Shallow-water flatfish",37449.4446248979,5832566048.21674,85237.199,0.439355645941603,0.802788838748128,76371.2383572293,2.03931564599104
2023,"EGOA","Shelf demersal fish",9587.83838312034,235742474.024984,85237.199,0.112484202855145,0.0324473697171401,15353.9074513618,1.60139406170976
2023,"EGOA","Shelf forage fish",12677.8173497932,349317758.481829,85237.199,0.148735733911121,0.0480797637553484,18690.0443681076,1.47423202688847
2023,"EGOA","Slope demersal fish",9243.88016963279,154546078.343332,85237.199,0.108448896468698,0.0212715751078814,12431.6562992762,1.34485260206159
2023,"EGOA","Slope forage fish",238.83364530664,51105.6553904793,85237.199,0.00280198842886238,7.03413375951887e-06,226.065599750337,0.94654000469695
2023,"EGOA","Slope rockfish",123963.129174191,11492690803.0648,85237.199,1.45433133219442,1.58184302202708,107203.968224431,0.864805276686663
2023,"EGOA","Squid",2161.24695692661,10551561.4899728,85237.199,0.0253556778294253,0.00145230687925164,3248.31671638909,1.50298266747283
2023,"EGOA","Tanner crab",486.459308787629,8261444.83681886,85237.199,0.00570712452420719,0.0011370974031163,2874.27292316141,5.9085577585611
2023,"EGOA","Thornyheads",27757.5672024809,277358505.028812,85237.199,0.325650860517847,0.0381753606094308,16654.0837342921,0.599983550892874
2023,"EGOA","Walleye pollock adult",60105.6238893713,5840479121.83509,85237.199,0.705157191866092,0.803877986668356,76423.027431757,1.27147881490123
